Molecule_Name,Smiles,Mouse_VDss_L_kg,Source
CHEMBL4448724,O=C(NCc1cc(F)cc(Cl)c1)[C@@]1(O)CCN(c2cnc3[nH]ccc3c2)C1=O,0.44,CHEMBL 35
CHEMBL4757046,CCNc1cc(F)cc2c1[nH]c1ncc(-c3cnc(OC)nc3)c(-n3ncc4c3CNC4)c12,1.6,CHEMBL 35
CHEMBL122679,Nc1[nH]cc[n+]1Cc1[nH]c(=O)[nH]c(=O)c1Br,1.3,CHEMBL 35
CHEMBL4464946,O=C(NCc1cc(F)cc(F)c1)[C@@]1(O)CCN(c2ccc3[nH]ccc3c2)C1=O,0.37,CHEMBL 35
CHEMBL4460444,O=C(NCc1cc(F)cc(Cl)c1)[C@@]1(O)CCN(c2ccc3[nH]ncc3c2)C1=O,0.57,CHEMBL 35
CHEMBL4450159,O=C(NCc1cc(F)cc(F)c1)[C@@]1(O)CCN(c2ccc3[nH]ncc3c2)C1=O,0.99,CHEMBL 35
CHEMBL4572028,O=C(NCc1cc(F)cc(Cl)c1)[C@@]1(O)CCN(c2cnc3[nH]cc(Cl)c3c2)C1=O,0.26,CHEMBL 35
CHEMBL2112992,CCC(CC)C(=O)Nc1sc(-c2nc(Cc3ccc(Cl)cc3Cl)no2)c(C)c1C#N,8.7,CHEMBL 35
CHEMBL4463138,O=C(NCc1cc(F)cc(Cl)c1)[C@@]1(O)CCN(c2ccc3[nH]ccc3c2)C1=O,0.4,CHEMBL 35
CHEMBL2112991,CCC(CC)C(=O)Nc1sc(-c2nc(CC(C)C)no2)c(C)c1C#N,16,CHEMBL 35
CHEMBL193544,CN1CCC(Oc2cccc3ncnc(Nc4ccc(OCc5ccccn5)c(Cl)c4)c23)CC1,2.6,CHEMBL 35
CHEMBL4743624,CCNc1cc(F)cc2c1[nH]c1ncc(-c3cncc(C#N)c3)c(-n3cc(CN)c(C(F)(F)F)n3)c12,5.8,CHEMBL 35
CHEMBL4786367,CCNc1cc(F)cc2c1[nH]c1ncc(-c3cnc(OC)nc3)c(-n3cc(CN)c(C(F)(F)F)n3)c12,3.6,CHEMBL 35
CHEMBL179181,CCC(CC)C(=O)Nc1sc2c(c1C#N)CCC(N(C)Cc1ccc(Cl)cc1Cl)C2,3.4,CHEMBL 35
CHEMBL4475680,O=C1CCc2cc(N3CC[C@](O)(C(=O)NCc4cc(F)cc(Cl)c4)C3=O)ccc2N1,0.78,CHEMBL 35
CHEMBL65375,Cl.N=C1CCCN1Cc1[nH]c(=O)[nH]c(=O)c1Cl,2.1,CHEMBL 35
CHEMBL195903,CONC(=O)c1cc(Nc2ncnn3cc(-c4nnc(C(F)(F)S(C)(=O)=O)o4)c(C(C)C)c23)c(F)cc1F,0.45,CHEMBL 35
CHEMBL5176576,N#Cc1ccccc1CC(=O)N[C@@H](C[C@@H]1COc2ccccc21)B(O)O,1.88,CHEMBL 35
CHEMBL5184466,O=C(N[C@@H](Cc1coc2ccccc12)B(O)O)[C@@H]1C[C@H]2CC[C@@H]1O2,0.47,CHEMBL 35
CHEMBL4451402,O=C(NCc1cc(F)cc(F)c1)[C@@]1(O)CCN(c2cnc3[nH]ccc3c2)C1=O,0.51,CHEMBL 35
CHEMBL4591797,O=C(NCc1cc(F)cc(F)c1)[C@@]1(O)CCN(c2cnc3[nH]cc(Cl)c3c2)C1=O,0.34,CHEMBL 35
CHEMBL5175217,O=C(Cc1ccccc1)N[C@@H](Cc1coc2ccccc12)B(O)O,2.25,CHEMBL 35
CHEMBL381230,CN1C(=O)NC(Cc2c[nH]c3c(Cl)cccc23)C1=O,3.345,CHEMBL 35
CHEMBL381230,CN1C(=O)NC(Cc2c[nH]c3c(Cl)cccc23)C1=O,2.495,CHEMBL 35
,O=C1N(Cc2ccc(OC(F)(F)F)cc2)C=Cn(c13)cc([N+](=O)[O-])n3,2.20 ,10.1021/acs.molpharmaceut.4c00406
,O=C1N(C=Cn2cc([N+]([O-])=O)nc21)Cc3cc(OC(F)(F)F)ccc3,1.10 ,10.1021/acs.molpharmaceut.4c00406
,O=C1N(C=Cn2cc([N+]([O-])=O)nc21)Cc3cc(C(F)(F)F)ccc3,1.20 ,10.1021/acs.molpharmaceut.4c00406
,O=C1C2=NC([N+]([O-])=O)=CN2C=C(C3=CC=CC=C3)N1,0.34 ,10.1021/acs.molpharmaceut.4c00406
,O=C1C2=NC([N+]([O-])=O)=CN2C=CN1CC3=CC=C(C4=CC=C(OC(F)(F)F)C=C4)C=N3,1.30 ,10.1021/acs.molpharmaceut.4c00406
,O=C1C2=NC([N+]([O-])=O)=CN2C=CN1CC3=CC=C(C4=CC=CN=C4)C=C3,2.60 ,10.1021/acs.molpharmaceut.4c00406
,O=C1NC2=C(C(F)(F)F)C=CC=C2[C@]1(C3=CC=C(OC(F)(F)F)C=C3)C4=CC=C(O)C=C4,10.10 ,10.1021/acs.molpharmaceut.4c00406
,O=C1NC2=C(C(F)(F)F)C=CC=C2[C@]1(N3CCC(F)(F)CC3)C4=CC=C(O)C=C4,2.80 ,10.1021/acs.molpharmaceut.4c00406
,c1cc2c(=O)c3ccc(cc3oc2c(c1)Cl)N4CCC(C4)C(=O)O,0.65 ,10.1021/acs.molpharmaceut.4c00406
,CC1=C(OC2CCN(C(CC(C(F)(F)F)C(F)(F)F)=O)CC2)C=C(Cl)C=C1NC3=NC4=C(CCCC4O)S3,2.95 ,10.1021/acs.molpharmaceut.4c00406
,FC1=CN=C(N=C1C2=CC(F)=C(C3=C2)N=C(N3C(C)C)C)NC4=C(C(SC5=NC=C(N=C5)N6CCC7(CC6)CO[C@H]([C@H]7N)C)=CC=N4)Cl,2.53 ,10.1021/acs.molpharmaceut.4c00406
,O=C(C1=CC2=C(C=CC=C2)N1)N[C@@H](CC3=CC=CC=C3)C(N[C@@H](C[C@@H]4CCNC4=O)C=O)=O,4.12 ,10.1021/acs.molpharmaceut.4c00406
,O=C([C@H](C(C)C)NC(C1=CC=C(C=CC=C2)C2=N1)=O)N[C@@H](CC3=CC=CC=C3)C(N[C@@H](C[C@@H]4CCNC4=O)C=O)=O,3.54 ,10.1021/acs.molpharmaceut.4c00406
,O=C(N1CCN(CC2=CC=C(OCC(F)(F)F)C=C2)CC1)C3=CC4=CC=C(OC5=NC=C(C6=NC(C7=CC=C(OC)C=C7)=NO6)N=C5)C=C4N3C,1.27 ,10.1021/acs.molpharmaceut.4c00406
,O=C(N1CCN(CC2=CC=C(OCC(F)(F)F)C=C2)CC1)C3=CC4=CC=C(OC5=NC=C(C6=NC(C7=CC=C(F)C=C7)=NO6)N=C5)C=C4N3C,3.74 ,10.1021/acs.molpharmaceut.4c00406
,O=C(NC1=CC(Br)=C(C)C(Br)=C1)C(C2=CC=CC=C2)S(=O)(O)=O,3.40 ,10.1021/acs.molpharmaceut.4c00406
,O=C(NC1=CC(Br)=C(C)C(Br)=C1)CS(=O)(O)=O,0.58 ,10.1021/acs.molpharmaceut.4c00406
,O=C(NC1=CC(Br)=C(N2CCOCC2)C=C1)CS(=O)(O)=O,0.73 ,10.1021/acs.molpharmaceut.4c00406
,O=S(NC(NC1=CC(Br)=C(C)C(Br)=C1)=O)(O)=O,0.42 ,10.1021/acs.molpharmaceut.4c00406
,FC(CC1)(F)CCC1N(C)CCCCN(C[C@@H]2NCC(C=CC=N3)=C3C2)[C@@H]4C5=NC=CC=C5CCC4,96.30 ,10.1021/acs.molpharmaceut.4c00406
,N1C=CC=C2CCCC(C=12)N(CCCCN)CC1NC2=C(C=CC=C2)N=1,32.20 ,10.1021/acs.molpharmaceut.4c00406
,CN(C)S(=O)(=O)N1CCC[C@H](COc2ccc(nc2)c3ccn[nH]3)C1,0.76 ,10.1021/acs.molpharmaceut.4c00406
,CC(=O)N1CCC(COc2ccc(nc2)c3ccn[nH]3)CC1,1.15 ,10.1021/acs.molpharmaceut.4c00406
,O=C(C1=C2C(NC=C2)=NC(C3=CN=CS3)=C1)N[C@H]4CC[C@H](OCCOC)CC4,1.10 ,10.1021/acs.molpharmaceut.4c00406
,CC1=CC(NC2=NC=NC3=CC(OCC)=C(NC(/C=C/[C@H]4CCCN4C)=O)C=C32)=CC=C1OC5=CC6=NC=NN6C=C5,2.79 ,10.1021/acs.molpharmaceut.4c00406
,CC1=CC(NC2=NC=NC3=CC(OCC)=C(NC(/C(F)=C/[C@H]4CCCN4C)=O)C=C32)=CC=C1OC5=CC6=NC=NN6C=C5,2.96 ,10.1021/acs.molpharmaceut.4c00406
,CC1=CC(NC2=NC=NC3=CC(OCC)=C(NC(/C(F)=C\[C@H]4CCCN4C)=O)C=C32)=CC=C1OC5=CC6=NC=NN6C=C5,4.49 ,10.1021/acs.molpharmaceut.4c00406
,O=C(C1=CC=C(C2=CC(C=CN3)=C3N=C2)C=C1OCC4)N4CC5=CC=C(F)C=C5,1.95 ,10.1021/acs.molpharmaceut.4c00406
,O=C(N1CCN(C2=CC=CC(Cl)=C2Cl)CC1)NC3=CC(C=NN4)=C4C=C3,2.15 ,10.1021/acs.molpharmaceut.4c00406
,CC(F)(F)C(C=C(F)C=C1)=C1C2=C(OC3=CC=C(OC4CN(CCCF)C4)C=C3)C5=CC=C6NN=CC6=C5S2,2.70 ,10.1021/acs.molpharmaceut.4c00406
,O=C1C(N2)=C3C(C4=C1C(O)=C(C)C(O[C@]5(C)O/C=C/[C@H](OC)[C@@H](C)[C@@H](OC(C)=O)[C@H](C)[C@H](O)[C@H](C)[C@@H](O)[C@@H](C)/C=C/C=C(C)\C2=O)=C4C5=O)=NC6(CCN(CCN7C([N+]([O-])=O)=CN=C7C)CC6)N3,0.90 ,10.1021/acs.molpharmaceut.4c00406
,C12=CC=CC=C1C(CC3=NN=C(C4=CC=C(CN5CCOCC5)C=C4)C(C6=CC=CC=C6)=N3)=CN2,7.24 ,10.1021/acs.molpharmaceut.4c00406
,O=C(NCCO)C(C=C1)=CC=C1C2=NN=C(N=C2C3=CC=CC=C3)CC4=CNC5=CC=CC=C54,1.81 ,10.1021/acs.molpharmaceut.4c00406
,NC1=NN2C=CC(C3=CC(CN([C@H](C4CC4)C)C5=O)=C5C(OC(F)F)=C3)=NC2=C1C(N[C@@H]6CC[C@@](O)(C)CC6)=O,2.09 ,10.1021/acs.molpharmaceut.4c00406
,NC1=NN2C=CC(C3=CC(CN([C@H](C4CC4)C)C5=O)=C5C(OC(F)(F)F)=C3)=NC2=C1C(N[C@@H]6CC[C@@](O)(C)CC6)=O,1.66 ,10.1021/acs.molpharmaceut.4c00406
,Cc1nc(C)c(-c2ccc(OCCc3ccc(F)cc3)cc2)c(N2CCC(C)(C)CC2)c1[C@H](OC(C)(C)C)C(O)=O,2.40 ,10.1021/acs.molpharmaceut.4c00406
,CC(C)(F)C1=NC(=NO1)C12CCC(CN(C(=O)[C@H]3C[C@@](O)(C3)C(F)(F)F)C3=CC=CC(=C3)C3=CC=C(C=C3)C(C)(C)O)(CC1)CC2,2.20 ,10.1021/acs.molpharmaceut.4c00406
,FC(F)c2c1cn(nc1c(c(c2)C#Cc3ccc(cc3)CN4CCC(CC4)CO)C)C(c5ncn6c5CCC76CC7)C(=O)Nc8sccn8,10.00 ,10.1021/acs.molpharmaceut.4c00406
,NC1=C(C(N[C@@H](C)C2C3=CC=C(Cl)C=C3N(C3C=CC=NC=3)N=2)=NC(N)=N1)C#N,0.59 ,10.1021/acs.molpharmaceut.4c00406
,C[C@@H](C1=CC=CC=C1)OC(C=C2)=CC=C2C3=CC4=C(C5=CCNCC5)N=CN=C4N3,47.70 ,10.1021/acs.molpharmaceut.4c00406
,O=C(C1=C(NC2=CC=C(C(F)(F)F)C=N2)C=C(C(F)(F)F)C=C1N3)C=C3C(F)(F)F,0.32 ,10.1021/acs.molpharmaceut.4c00406
,O=C(NC1=NN(CP(OCC)(OCC)=O)C=C1)C2=CC(OC(C)C)=CC(OC3=CN=C(C(N4CCC4)=O)C=N3)=C2,0.30 ,10.1021/acs.molpharmaceut.4c00406
,CC(C)(OC(CCNC1=NC(NC(C=C2)=CC=C2NC(C)=O)=NC=N1)=O)C,1.75 ,10.1021/acs.molpharmaceut.4c00406
,O=C1N(CC)C2=NC(C)=CC=C2C3=C1[C@H](/C=C(C)\C)C[C@@](CCO)(C)O3,0.77 ,10.1021/acs.molpharmaceut.4c00406
,Cc1ccc(cc1)SC1=NN2C(=O)NN=C2C=C1,0.10 ,10.1021/acs.molpharmaceut.4c00406
,Clc1cccc(c1)SC1=NN2C(=O)NN=C2C=C1,0.30 ,10.1021/acs.molpharmaceut.4c00406
,FC(F)(F)Oc1cccc(c1)SC1=NN2C(=O)NN=C2C=C1,0.20 ,10.1021/acs.molpharmaceut.4c00406
,Clc1ccc(cc1Cl)SC1=NN2C(=O)NN=C2C=C1,0.70 ,10.1021/acs.molpharmaceut.4c00406
,O=C1C(N=C(C2=CC(O[C@@H]3CCN(C)C3)=CC=C2Cl)O4)=C4C(C5=CC=CC=C51)=O,2.37 ,10.1021/acs.molpharmaceut.4c00406
,O=C(C1=C2OC(C3=C(F)C=CC(O[C@@H]4CCN(C)C4)=C3Cl)=N1)C5=CC=CC=C5C2=O,0.77 ,10.1021/acs.molpharmaceut.4c00406
,N3(Cc1c(cncc1-c2c(cccc2)OC)C3=O)c4ccccc4,1.08 ,10.1021/acs.molpharmaceut.4c00406
,n1(ncc2c1CN(C2=O)c3ccccc3)-c4c(cccc4)OC,1.97 ,10.1021/acs.molpharmaceut.4c00406
,O=C1N(CC2=CC(OC)=CC(OC)=C2)CCC3=C1C=C(CN4C(N(C)C=C4)=N)C=C3C5=C(C)C=C(F)C=C5,16.00 ,10.1021/acs.molpharmaceut.4c00406
,O=C1N([C@@H](C)C2=CC(OC)=CC=N2)CCC3=C1C=C(CN4C(C)=NC=C4)C=C3C5=CN(CC)N=C5C(F)(F)F,3.80 ,10.1021/acs.molpharmaceut.4c00406
,O=C1N([C@@H](C2CC2)C3=CC(OC)=CC=N3)CCC4=C1C=C(CN5C(C)=NC=C5)C=C4C6=CN(CC)N=C6C(F)(F)F,1.60 ,10.1021/acs.molpharmaceut.4c00406
,O=C1N([C@@H](C2CC2)C3=CC(C)=CC=N3)CCC4=C1C=C(CN5C(C)=NC=C5)C=C4C6=CN(CC)N=C6C(F)(F)F,1.10 ,10.1021/acs.molpharmaceut.4c00406
,O=C1N([C@@H](C)C2=CC(OC)=CC=N2)CCC3=C1C=C(CN4C=NC=C4)C=C3C5=CN(CC)N=C5C(F)(F)F,2.30 ,10.1021/acs.molpharmaceut.4c00406
,O=C1N([C@@H](C2CC2)C3=CC(OC)=CC=N3)CCC4=C1C=C(CN5C=NC=C5)C=C4C6=CN(CC)N=C6C(F)(F)F,0.70 ,10.1021/acs.molpharmaceut.4c00406
,O=C1N([C@@H](C2CC2)C3=CC(C)=CC=N3)CCC4=C1C=C(CN5C=NC=C5)C=C4C6=CN(CC)N=C6C(F)(F)F,1.60 ,10.1021/acs.molpharmaceut.4c00406
,O=C(N[C@@H](C)C1=CC=C(C(O)=O)C=C1)C2=C(CC3=CC=CC(C(F)(F)F)=C3)SC4=C2CCOC4,7.39 ,10.1021/acs.molpharmaceut.4c00406
,O=C(NCC1=CC=C(C(O)=O)C=C1)C2=C(CC3=CC=C(F)C=C3)SC4=C2CCOC4,6.14 ,10.1021/acs.molpharmaceut.4c00406
,FC(F)(F)c1c(ccc(c1Cl)-n1ccnn1)Cl,2.00 ,10.1021/acs.molpharmaceut.4c00406
,O=C(C(N(CC1=C2C=CC(C#CCN3CCC(N4CCC(N5N=C(C6=CC=C(OC7=CC=CC=C7)C=C6)C8=C(N)N=CN=C85)CC4)CC3)=C1)C2=O)CC9)NC9=O,3.10 ,10.1021/acs.molpharmaceut.4c00406
,C12=CC=CC=C1C3=C(C(C4=CNC=N4)=NC=C3)N2,4.35 ,10.1021/acs.molpharmaceut.4c00406
,O=C(N[C@@H]1[C@H](C2)C[C@H]3CC2CC1C3)C4=CC(C5=CC=C(F)N=C5F)=CN4,42.07 ,10.1021/acs.molpharmaceut.4c00406
,O=C(NC1(C2)C[C@H](C3)C[C@H]2CC3C1)C4=CC(C5=CC=C(F)C=C5F)=CN4,27.76 ,10.1021/acs.molpharmaceut.4c00406
,O=C(NC1(C2)C[C@H](C3)C[C@H]2CC3C1)C4=CC(C5=CC=C(F)N=C5F)=CN4,12.42 ,10.1021/acs.molpharmaceut.4c00406
,COC1=CC(C(C2=CNC3=NC(NC4=C(NC(C=C)=O)C=C(N5CCOCC5)C=C4)=CC=C32)=O)=CC(OC)=C1,2.12 ,10.1021/acs.molpharmaceut.4c00406
,ClC1=CN=C(CNC2=CC=C3C=NSC3=C2)S1,1.12 ,10.1021/acs.molpharmaceut.4c00406
,CCC(C=C1)=CC=C1N(S(C2=CC(C(C3)O)=C(OC3C4CCOCC4)C=C2)(=O)=O)C5CCC5,1.54 ,10.1021/acs.molpharmaceut.4c00406
,CC1=CC(NC2=CC(N3CCN(CC)CC3)=NC(N[C@@H]4CN(C(C5=CC=C(Cl)C=C5F)=O)CC4)=N2)=NN1,11.30 ,10.1021/acs.molpharmaceut.4c00406
,CC1=NN(C(OCC)=O)C(NC2=CC(N3CCN(CC)CC3)=NC(N[C@@H]4CN(C(C5=CC=C(Cl)C=C5F)=O)CC4)=N2)=C1,2.80 ,10.1021/acs.molpharmaceut.4c00406
,CC1=NN(C(OC(C)(C)C)=O)C(NC2=CC(N3CCN(CC)CC3)=NC(N[C@@H]4CN(C(C5=CC=C(Cl)C=C5F)=O)CC4)=N2)=C1,4.90 ,10.1021/acs.molpharmaceut.4c00406
,CC1=NN(C(CC)=O)C(NC2=CC(N3CCN(CC)CC3)=NC(N[C@@H]4CN(C(C5=CC=C(Cl)C=C5F)=O)CC4)=N2)=C1,3.40 ,10.1021/acs.molpharmaceut.4c00406
,CC1=CC(NC2=CC(N3CCN(CC)CC3)=NC(N[C@@H]4CN(C(C5=CC=C(Cl)C=C5F)=O)CC4)=N2)=NN1C(CC)=O,0.90 ,10.1021/acs.molpharmaceut.4c00406
,CC1=NN(C(C(C)(C)C)=O)C(NC2=CC(N3CCN(CC)CC3)=NC(N[C@@H]4CN(C(C5=CC=C(Cl)C=C5F)=O)CC4)=N2)=C1,18.80 ,10.1021/acs.molpharmaceut.4c00406
,O=C(C1=CN(C)N=C1)NC1CCC2C=C(C=CC=21)C1N=C(CC)ON=1,3.14 ,10.1021/acs.molpharmaceut.4c00406
,N1C(=C(C(C)=N1)N1CCN(CC1)C1C=C(C=CC=1F)C(O)=O)C,2.18 ,10.1021/acs.molpharmaceut.4c00406
,O=C1N(CC2=NC3=C(C=CC(CN)=C3)N2CCCC(F)(F)F)C4=CC(F)=CC=C4C15CC5,17.50 ,10.1021/acs.molpharmaceut.4c00406
,O=C1N(CC2=NC3=C(C=CC(CN)=C3)N2CCCC(F)(F)F)C4=C(F)C=CC=C4C15CC5,11.30 ,10.1021/acs.molpharmaceut.4c00406
,O=C1N(CC2=NC3=C(C=CC(CN)=C3)N2[C@H]4CC[C@H](O)CC4)C5=CC(F)=CC=C5C16CC6,3.80 ,10.1021/acs.molpharmaceut.4c00406
,O=C1N(CC2=NC3=C(C=CC(CN)=C3)N2C4CCOCC4)C5=CC(F)=CC=C5C16CC6,5.50 ,10.1021/acs.molpharmaceut.4c00406
,O=C1N(CC2=NC3=C(C=CC(CN)=C3)N2CCC(C)C)C4=NC=CC=C4C15CC5,4.50 ,10.1021/acs.molpharmaceut.4c00406
,O=C(C1(CC1)C2=CC=CC=C2F)NC(C=C3)=NN3C4=CC=NC(F)=C4,2.60 ,10.1021/acs.molpharmaceut.4c00406
,O[C@H]1CC[C@H](NC(C2CC2CCCC3=CC=CC=C3)=O)CC1,0.60 ,10.1021/acs.molpharmaceut.4c00406
,O=C(NC1CCC(CC1)O)CCCCCC2=CC=CC=C2.O=C(CCCCCC3=CC=CC=C3)N[C@H]4CC[C@H](O)CC4,0.35 ,10.1021/acs.molpharmaceut.4c00406
,CCCCc1ccc(O[C@@H]2C[C@H]3CC[C@@H](C2)N3S(=O)(=O)c4c(C)n[nH]c4C)cc1,4.45 ,10.1021/acs.molpharmaceut.4c00406
,CCOCc1cnc(OC2C[C@H]3CC[C@@H](C2)N3S(=O)(=O)c4c(C)n[nH]c4C)cn1,0.53 ,10.1021/acs.molpharmaceut.4c00406
,C[C@@H]1CN(CCN1C(=O)CO)c2ncc(cn2)c3ccc4c(c3)N(C(C4=O)(C)C)Cc5ccccc5OC(F)F,2.12 ,10.1021/acs.molpharmaceut.4c00406
,C[C@@H]1CN(CCN1C(=O)CO)c2ncc(cn2)c3ccc4c(c3)N(C(C4=O)(C)C)Cc5cccnc5C#N.C(=O)(C(F)(F)F)O.C(=O)(C(F)(F)F)O,17.30 ,10.1021/acs.molpharmaceut.4c00406
,CC1(C(=O)c2ccc(nc2N1Cc3cccnc3C#N)c4cnc(nc4)N5CCN6[C@@H](C5)CNC6=O)C,2.12 ,10.1021/acs.molpharmaceut.4c00406
,OC1=C(S(CCC2)(=O)=O)C2=CC=C1NC(NC3=CC=CC(F)=C3C)=O,48.95 ,10.1021/acs.molpharmaceut.4c00406
,OC1=C(S(CC=C2)(=O)=O)C2=CC=C1NC(NC3=CC=CC(F)=C3C)=O,9.82 ,10.1021/acs.molpharmaceut.4c00406
,NS(C1=C(C(=CC=C1Cl)NC(NC1=CC=CC(=C1Cl)Cl)=O)O)(=O)=O,5.07 ,10.1021/acs.molpharmaceut.4c00406
,CCNCc1cc(cc(c1O)Nc1nc2cc(c(cc2n1Cc1ccc(cc1)C(F)(F)F)F)F)Cl,6.90 ,10.1021/acs.molpharmaceut.4c00406
,CC(=O)NCCn(c(n1)OCC)c(c12)cc(cc2)OC,0.51 ,10.1021/acs.molpharmaceut.4c00406
,CC(=O)NCCn1c(OC)nc(c12)ccc(c2)OC,0.77 ,10.1021/acs.molpharmaceut.4c00406
,CC(=O)NCCn(c(n1)OCC)c(c12)cc(c(Cl)c2)OC,0.43 ,10.1021/acs.molpharmaceut.4c00406
,CC(=O)NCCn(c(n1)OC)c(c12)cc(c(Cl)c2)OC,0.33 ,10.1021/acs.molpharmaceut.4c00406
,CC(=O)NCCCn1c(OCC)nc(c12)ccc(c2)OC,0.49 ,10.1021/acs.molpharmaceut.4c00406
,CC(=O)NCCCn(c(n1)OC)c(c12)cc(cc2)OC,0.45 ,10.1021/acs.molpharmaceut.4c00406
,CC(=O)NCCCn(c(n1)OCC)c(c12)cc(c(Cl)c2)OC,0.22 ,10.1021/acs.molpharmaceut.4c00406
,CC(=O)NCCn1c(OC)nc(c1c23)ccc2OCC3,1.18 ,10.1021/acs.molpharmaceut.4c00406
,CC(=O)NCCn1c(OCC)nc(c1c23)ccc2OCC3,1.45 ,10.1021/acs.molpharmaceut.4c00406
,CCC(N(CC1(N2CCN(CC(C)C)CC2)CCOCC1)C3=NC(C(F)(F)F)=CC=C3)=O,2.90 ,10.1021/acs.molpharmaceut.4c00406
,O=C([C@H]([C@H](C)CC)N)N1CCN2C([C@@H]1CC3CCCCC3)=NC(C4=CC=CC=C4)=C2,4.53 ,10.1021/acs.molpharmaceut.4c00406
,[H][C@@]1(C(CC)NC(=O)C2=CC=C(Cl)C=C2)[C@H]2C[C@@]([H])(C[C@@H]12)OC1=CC=NC2=C1C=C(F)C=C2,0.27 ,10.1021/acs.molpharmaceut.4c00406
,[H][C@@]1(C(C)NC(=O)C2=CC=C(C=C2)C#N)[C@H]2C[C@@]([H])(C[C@@H]12)OC1=C2C=CC(F)=CC2=NC=N1,0.31 ,10.1021/acs.molpharmaceut.4c00406
,[H][C@@]1(C(CC)NC(=O)C2=CC=C(Cl)C=C2)[C@H]2C[C@@]([H])(C[C@@H]12)N1C=C(N=N1)C1CC1,1.04 ,10.1021/acs.molpharmaceut.4c00406
,[H][C@@]1(C(CC)NC(=O)C2=CC=C(Cl)C=C2)[C@H]2C[C@@]([H])(C[C@@H]12)N1C=NC2=C1C=CC(F)=C2,0.80 ,10.1021/acs.molpharmaceut.4c00406
,FC1=CC=C(/N=C(NO)\C2=NON=C2NCCNS(N)(=O)=O)C=C1Br,7.50 ,10.1021/acs.molpharmaceut.4c00406
,O=C([C@H](C)[C@]1([H])CC[C@](CC1)([H])C2=CC=NC3=C2C=C(F)C=C3)NC4=CC=C(Cl)C=C4,4.50 ,10.1021/acs.molpharmaceut.4c00406
,CC([C@@]1(NC(NC1=O)=O)CC2)(C)CN2C3=CC(C(F)(F)F)=CC4=CN=CN34,2.10 ,10.1021/acs.molpharmaceut.4c00406
,[H][C@@]1([C@@H](CC)NC(=O)C2=CC=C(Cl)C=C2)[C@H]2C[C@@]([H])(C[C@@H]12)N1C=NC2=C1C=C(F)C(F)=C2,3.10 ,10.1021/acs.molpharmaceut.4c00406
,C[C@@H](C(NC1=CC=C(Cl)C=C1)=O)[C@]2([H])[C@@H]3[C@H]2C[C@](N4C(C=C(F)C(F)=C5)=C5N=C4)([H])C3,1.61 ,10.1021/acs.molpharmaceut.4c00406
,C[C@H](C(NC1=CC=C(Cl)C=C1)=O)[C@]2([H])[C@@H]3[C@H]2C[C@](OC4=C(C=C(F)C=C5)C5=NC=C4)([H])C3,1.55 ,10.1021/acs.molpharmaceut.4c00406
,FC(F)(C(=O)NCC1=CC=C2C(=O)N(CC2=C1)C1CCC(=O)NC1=O)C1=CC=C(Cl)C=C1,1.00 ,10.1021/acs.molpharmaceut.4c00406
,C[C@@H](N1Cc2ccc(cc2C1=O)c3nc(NC4CCOCC4)ncc3Cl)C(=O)N[C@H](CO)c5cccc(C)c5,0.60 ,10.1021/acs.molpharmaceut.4c00406
,OC[C@@H](NC(=O)CN1Cc2ccc(cc2C1=O)c3nc(NC4CCOCC4)ncc3Cl)c5ccccc5,0.55 ,10.1021/acs.molpharmaceut.4c00406
,OC[C@@]1(CCc2ccccc21)NC(=O)CN3Cc4ccc(cc4C3=O)c5nc(NC6CCOCC6)ncc5Cl,0.91 ,10.1021/acs.molpharmaceut.4c00406
,Clc1cnc(NC2CCOCC2)nc1c3ccc4CN(CC(=O)N5CCc6ccccc6CC5)C(=O)c4c3,0.45 ,10.1021/acs.molpharmaceut.4c00406
,COc1cc(F)cc(c1)[C@@H](CO)NC(=O)[C@@H](C)N2Cc3ccc(cc3C2=O)c4nc(NC5CCOCC5)ncc4Cl,0.68 ,10.1021/acs.molpharmaceut.4c00406
,COc1cc(ccn1)[C@@H](CO)NC(=O)[C@@H](C)N2Cc3ccc(cc3C2=O)c4nc(NC5CCOCC5)ncc4Cl,0.26 ,10.1021/acs.molpharmaceut.4c00406
,C[C@@H](N1Cc2ccc(cc2C1=O)c3nc(NC4CCOCC4)ncc3Cl)C(=O)N[C@H](CO)c5cc(F)cc(c5)N6CCN(C)CC6,3.80 ,10.1021/acs.molpharmaceut.4c00406
,C[C@@H](N1Cc2ccc(cc2C1=O)c3nc(NC4CCOCC4)ncc3Cl)C(=O)N[C@H](CO)c5cccc(n5)N6CCN(C)CC6,0.76 ,10.1021/acs.molpharmaceut.4c00406
,COc1cc(F)cc(c1)[C@@H](CO)NC(=O)[C@@H](C)N2Cc3ccc(cc3C2=O)c4nc(NC5COC5)ncc4Cl,0.71 ,10.1021/acs.molpharmaceut.4c00406
,COc1cc(F)cc(c1)[C@@H](CO)NC(=O)[C@@H](C)N2Cc3ccc(cc3C2=O)c4nc(Nc5ccnn5C)ncc4Cl,0.52 ,10.1021/acs.molpharmaceut.4c00406
,COc1cc(F)cc(c1)[C@@H](CO)NC(=O)[C@@H](C)N2Cc3ccc(cc3C2=O)c4nc(Nc5cnn(C)n5)ncc4Cl,0.46 ,10.1021/acs.molpharmaceut.4c00406
,COc1cc(F)cc(c1)[C@@H](CO)NC(=O)[C@@H](C)N2Cc3ccc(cc3C2=O)c4nc(Nc5ccnc(OC)c5)ncc4Cl,0.56 ,10.1021/acs.molpharmaceut.4c00406
,COc1cc(F)cc(c1)[C@@H](CO)NC(=O)[C@@H](C)N2Cc3ccc(cc3C2=O)c4nc(N[C@@H](C)CO)ncc4Cl,1.40 ,10.1021/acs.molpharmaceut.4c00406
,COc1cc(F)cc(c1)[C@@H](CO)NC(=O)[C@@H](C)N2Cc3ccc(cc3C2=O)c4ccnc(NC5CCOCC5)n4,1.00 ,10.1021/acs.molpharmaceut.4c00406
,COc1cc(F)cc(c1)[C@@H](CO)NC(=O)[C@@H](C)N2Cc3ncc(cc3C2=O)c4nc(NC5CCOCC5)ncc4Cl,1.90 ,10.1021/acs.molpharmaceut.4c00406
,COc1cc(F)cc(c1)[C@@H](CO)NC(=O)CN2Cc3ccc(cc3C2=O)c4nc(NC5CCOCC5)ncc4Cl,1.40 ,10.1021/acs.molpharmaceut.4c00406
,CN1C(C(C)C)=C(C(C=C2)=N1)C=C2C3=CC=NC(NC4=CC(N=CN=C5N6CCN(C)CC6)=C5C=C4)=N3,9.67 ,10.1021/acs.molpharmaceut.4c00406
,FC(F)(F)CN1CCN(NC2=C(C(OCC)=O)C(/C(O2)=C/C3=CNC4=C3C=CC=N4)=O)CC1,3.10 ,10.1021/acs.molpharmaceut.4c00406
,O=C(C1=NN(C2=NC=C(C(F)(F)F)C=C2)C(C(C)(C)C)=C1)NC(C)(C)CO,4.50 ,10.1021/acs.molpharmaceut.4c00406
,FC1=C2C(C=CN(C3=C(CO)C(C4=NC(N)=NC5=C4C=C(C6=CCN(C7COC7)CC6)N5)=CC=C3)C2=O)=CC(C8CC8)=C1,1.61 ,10.1021/acs.molpharmaceut.4c00406
,CCN(CC1)CCN1C2=C3C(N(CCCN4CCCC4)C=N3)=NC(NCC5=CC=C(OC)C=C5)=N2,14.10 ,10.1021/acs.molpharmaceut.4c00406
,c1cc(ccc1[C@@H](C(=O)N2CC(C3(C2)CN(C3)c4cc(cc(c4)F)F)CNc5ccc(cc5)F)N)O,23.50 ,10.1021/acs.molpharmaceut.4c00406
,c1cc(ccc1C[C@H](C(=O)N2CC(C3(C2)CN(C3)c4cc(cc(c4)F)F)CNc5ccc(cc5)F)N)N,20.70 ,10.1021/acs.molpharmaceut.4c00406
,O=C(NC1=CC=C(Cl)C(Cl)=C1)C2=CC=C(CN3C(C(F)(F)F)=CC(C(F)(F)F)=N3)O2,12.70 ,10.1021/acs.molpharmaceut.4c00406
,O=C(C1=CC=C(S1)CN2C(C)=CC(C)=N2)NC3=CC(Cl)=C(Cl)C=C3,8.30 ,10.1021/acs.molpharmaceut.4c00406
,O=C(C1=C(NC(CCl)=O)N(C2=CC=C(C(F)(F)F)C=C2)C(S1)=S)NC3=CC(OC)=CC=C3OC,4.82 ,10.1021/acs.molpharmaceut.4c00406
,CCS(=O)(=O)C1=CC=C(CNC(=O)C2=CC=C3N(CCF)C(CC4=CC=C(Cl)C=C4C(F)(F)F)=CC3=C2)C=C1,0.88 ,10.1021/acs.molpharmaceut.4c00406
,CCS(=O)(=O)C1=CC=C(CNC(=O)C2=CC=C3N(C(C)C)C(CC4=CC=C(Cl)C=C4C(F)(F)F)=CC3=C2)C=C1,0.19 ,10.1021/acs.molpharmaceut.4c00406
,COC1=CC=C(N=CC(F)=C2C[C@H](O)[C@@H]3OC[C@@H](NCC4=NN=C(OCCS5)C5=C4)CO3)C2=N1,1.00 ,10.1021/acs.molpharmaceut.4c00406
,S=C=N[C@H](C1)C[C@H]1OCC(C=C2)=NC=C2C3=CC=C(OC)C(F)=C3,27.00 ,10.1021/acs.molpharmaceut.4c00406
,CCOC1=CC(NC(=O)NCC2=NN=C(C3=CN(C)N=C3C(F)(F)F)C(C)=C2)=CC(Cl)=N1,0.49 ,10.1021/acs.molpharmaceut.4c00406
,CCOC1=CC(NC(=O)NCC2=NN=C(C3=CN(C)N=C3C(F)(F)F)C(C)=C2)=CC(=N1)C(F)(F)F,0.81 ,10.1021/acs.molpharmaceut.4c00406
,CCOC1=C(C)C(NC(=O)NCC2=NN=C(C3=CN(C)N=C3C(F)(F)F)C(C)=C2)=CC(C)=N1,0.47 ,10.1021/acs.molpharmaceut.4c00406
,CCNC(=O)C1=CC(OC)=C2N(C[C@@H]3CN(C)CCO3)C(=NC2=C1)C1=CN=C(C=C1)N1[C@@H](C)CC[C@@H]1C,0.73 ,10.1021/acs.molpharmaceut.4c00406
,COC1=C2N(C[C@@H]3CN(C)CCO3)C(=NC2=C(F)C(=C1)C(N)=O)C1=CN=C(C=C1)N1CCC[C@@H]1C,0.88 ,10.1021/acs.molpharmaceut.4c00406
,CNC(=O)C1=CC(OC)=C2N(C[C@@H]3CNCCO3)C(=NC2=C1F)C1=CN=C(C=C1)N1[C@@H](C)CC[C@@H]1C,3.40 ,10.1021/acs.molpharmaceut.4c00406
,O=C1NC(C(N2C(C(C=CC(NS(C3=CC=CC=C3OC(F)(F)F)(=O)=O)=C4)=C4C2=O)=O)CC1)=O,0.15 ,10.1021/acs.molpharmaceut.4c00406
,ClC1=C(Cl)C=C(CC(=O)N2CCN(CC2)C2=NN3C=NN=C3C=C2)C=C1,0.06 ,10.1021/acs.molpharmaceut.4c00406
,O=C1N(C(C)C)CC2=CC(C(F)(F)F)=NC=C2C3=CN=C(NCC4=C5CCOC5=CC=C4F)N6C=NC1=C36,0.36 ,10.1021/acs.molpharmaceut.4c00406
,O=C1N(CC(F)F)CC2=CC(C(F)(F)F)=NC=C2C3=CN=C(NCC4=C5CCOC5=CC=C4F)N6C=NC1=C36,0.22 ,10.1021/acs.molpharmaceut.4c00406
,O=C1N(CC(F)(F)C)CC2=CC(C(F)(F)F)=NC=C2C3=CN=C(NCC4=C5CCOC5=CC=C4F)N6C=NC1=C36,0.18 ,10.1021/acs.molpharmaceut.4c00406
,CC1=NN(C(N2)=NC(C(F)(F)F)=CC2=O)C(C)=C1,0.70 ,10.1021/acs.molpharmaceut.4c00406
,CCNC1=CC(C)=NN1C(N2)=NC(C3=CN=CC=C3)=CC2=O,37.40 ,10.1021/acs.molpharmaceut.4c00406
,CC1=NN(C(N2)=NC(C(F)(F)F)=CC2=O)C(NC3=CC=C(F)C=C3)=C1,0.10 ,10.1021/acs.molpharmaceut.4c00406
,NC(N=CN1CC2=C(Cl)C=CC=C2Cl)=C3C1=NC=N3,3.01 ,10.1021/acs.molpharmaceut.4c00406
,NC(N=CN1CC2=C(Cl)C=CC=C2Cl)=C3C1=NC(C4=C(C)C=CC=C4)=N3,2.75 ,10.1021/acs.molpharmaceut.4c00406
,NC(N=CN1CC2=C(Cl)C=NC=C2Cl)=C3C1=NC=N3,0.81 ,10.1021/acs.molpharmaceut.4c00406
,NC(N=CN1CC2=C(Cl)C=NC=C2Cl)=C3C1=NC(C4=C(C)C=CC=C4)=N3,4.04 ,10.1021/acs.molpharmaceut.4c00406
,O=C(N(C)C)O/N=C(C#N)/C1=NC2=CC=CC=C2O1,1.82 ,10.1021/acs.molpharmaceut.4c00406
,O/N=C(C1=NN=C(C(F)(F)F)S1)\C2=NC3=CC=CC=C3S2,34.70 ,10.1021/acs.molpharmaceut.4c00406
,NC1=NC(C3=CC=C(OC)C=C3)=NC(NC2=CC=C(OC(F)(F)F)C=C2)=N1,8.80 ,10.1021/acs.molpharmaceut.4c00406
,COC(C=C3)=CC=C3C1=NC(NC2=CC=C(OC(F)(F)F)C=C2)=NC(NC)=N1,14.60 ,10.1021/acs.molpharmaceut.4c00406
,OC(=O)[C@@H](c1c(c2[n]cc3[n]c[n](c3c2)[C@@H](c2c(c(C3CC3)ccc2Cl)Cl)C)cccc1)C,1.60 ,10.1021/acs.molpharmaceut.4c00406
,O=C1O[C@@H](CNC(C)=O)[C@@H]2OC3=CC(F)=C(C4=CC=C(C#N)N=C4)C=C3CN21,0.76 ,10.1021/acs.molpharmaceut.4c00406
,NC1=NC2=C(C=NN2CCC3=CC=C(C(NC4=C(N)C=CC=C4)=O)C=C3)C5=NC(C6=CC=CO6)=NN15,1.19 ,10.1021/acs.molpharmaceut.4c00406
,O=C1N(C)C(NCCCCCCCNC2=C(CCCC3)C3=NC4=C2C=CC(Cl)=C4)=NC(C5=C(F)C=NC=C5)=C1,16.42 ,10.1021/acs.molpharmaceut.4c00406
,O=C(C1=CC(C#CC2=CN=C3N2N=CC=C3)=C(C)C=C1)NC4=CC(C(F)(F)C[C@@H]5N6CCN(C)CC6)=C5C=C4,18.10 ,10.1021/acs.molpharmaceut.4c00406
,N1C=C(C#CC2=C(C)C=CC(=C2)C(=O)NC2C=C(C(=CC=2)CN2CCN(C)CC2)C(F)(F)F)N2C=1C=CC=N2,41.00 ,10.1021/acs.molpharmaceut.4c00406
,CN1CCC(CC1)Oc2ccc(cc2)N3C(=S)N(C(=O)C34CCC4)c5cnc(C#N)c(c5)C(F)(F)F,12.00 ,10.1021/acs.molpharmaceut.4c00406
,N#Cc1ncc(cc1C(F)(F)F)N2C(=O)C3(CCC3)N(C2=S)c4ccc(nc4)OC5CCNCC5,6.11 ,10.1021/acs.molpharmaceut.4c00406
,CN1CCC(CC1)Oc2ccc(cn2)N3C(=S)N(C(=O)C34CCC4)c5cnc(C#N)c(c5)C(F)(F)F,7.69 ,10.1021/acs.molpharmaceut.4c00406
,N#Cc1ncc(cc1C(F)(F)F)N2C(=O)C3(CCC3)N(C2=S)c4ccc(cc4)OC5CCNCC5,5.56 ,10.1021/acs.molpharmaceut.4c00406
,COc1cc(cnc1C#N)N2C(=O)C3(CCC3)N(C2=S)c4ccc(cc4)OC5CCN(C)CC5,3.70 ,10.1021/acs.molpharmaceut.4c00406
,COc1cc(cnc1C#N)N2C(=O)C3(CCC3)N(C2=S)c4ccc(nc4)OC5CCN(C)CC5,2.93 ,10.1021/acs.molpharmaceut.4c00406
,Cc1cc(cnc1C#N)N2C(=O)C3(CCC3)N(C2=S)c4ccc(nc4)OC5CCNCC5,4.35 ,10.1021/acs.molpharmaceut.4c00406
,N#Cc1ncc(cc1Cl)N2C(=O)C3(CCC3)N(C2=S)c4ccc(nc4)OC5CCNCC5,6.92 ,10.1021/acs.molpharmaceut.4c00406
,N#Cc1ncc(cc1Cl)N2C(=O)C3(CCC3)N(C2=S)c4ccc(cc4)OC5CCNCC5,8.47 ,10.1021/acs.molpharmaceut.4c00406
,N#Cc1ncc(cc1C(F)(F)F)N2C(=O)C3(CCC3)N(C2=S)c4ccc(cc4)CN5CCNCC5,16.80 ,10.1021/acs.molpharmaceut.4c00406
,CCCCCNC(=O)N1C=C(OC1=O)c2ccc(F)cc2C3CCN(C)CC3,12.43 ,10.1021/acs.molpharmaceut.4c00406
,O=C(C1=C2C=CC=C1)N(CC(C=C3)=CC=C3C#N)N=C2C4=CC(Cl)=C(NCCOC)N=C4F,3.09 ,10.1021/acs.molpharmaceut.4c00406
,O=C(C1=C2C=CC=C1)N(CC(C=C3)=CC=C3C#N)N=C2C4=CC(Cl)=C(NCCO)N=C4F,5.44 ,10.1021/acs.molpharmaceut.4c00406
,O=C(C1=C2C=CC=C1)N(CC(C=C3)=CC=C3C#N)N=C2C4=CC(Cl)=C(NCC(O)CO)N=C4F,0.77 ,10.1021/acs.molpharmaceut.4c00406
,CC1=CC(C(O)=O)=NC(N2CCC(COC3=C(C(F)(F)F)C=CC=C3)C2)=N1,0.52 ,10.1021/acs.molpharmaceut.4c00406
,O=C(NC1CCN(S(=O)(C(C)C)=O)CC1)N[C@]23C[C@@H](C[C@@H](O3)C4)C[C@@H]4C2,67.73 ,10.1021/acs.molpharmaceut.4c00406
,CC(C)[C@@H](NC(=O)c1cc(ccc1F)C(F)(F)F)C(=O)N1CCC2(CC1)N(C(=O)N(C)C2=O)c1ccc2[nH]ncc2c1,1.38 ,10.1021/acs.molpharmaceut.4c00406
,O=C(C=C)N(CC1)CCN1C2=NC(OC[C@H]3N(C)CCC3)=NC4=C2CCN(C5=CC=CC6=C5C=CC=C6)C4,1.00 ,10.1021/acs.molpharmaceut.4c00406
,ClC1=CC=CC2=C1C(N(C3)CCC4=C3N=C(OC[C@H]5N(C)CCC5)N=C4N6CCN(C(C=C)=O)[C@@H](CC#N)C6)=CC=C2,0.87 ,10.1021/acs.molpharmaceut.4c00406
,O=C(C=C)N([C@@H](CC#N)C1)CCN1C2=NC(OC[C@H]3N(C)CCC3)=NC4=C2CCN(C5=CC=CC6=C5C(C)=CC=C6)C4,1.91 ,10.1021/acs.molpharmaceut.4c00406
,O=C(C(=C)F)N1CCN(C[C@@H]1CC#N)C1C2CCN(CC=2N=C(N=1)OC[C@@H]1CCCN1C)C1=CC=CC2=C1C(=CC=C2)Cl,2.02 ,10.1021/acs.molpharmaceut.4c00406
,O=C(C(C=N1)=C(NC2=CC(C(C)(C)C#N)=CC(C(C)(C#N)C)=C2)N=C1N(CCC3)C[C@H]3N)N,4.90 ,10.1021/acs.molpharmaceut.4c00406
,O=C(C(C=N1)=C(NC2=CC(C(C)C)=NC(C(C)C)=C2)N=C1N(CCC5)C[C@H]5N)N,7.46 ,10.1021/acs.molpharmaceut.4c00406
,OC(C[C@@H](C1CC1)C2=CC(OCC3CCN(C4=C(C(N(CC(C)(C)C)C5=NC(C)=CC=C5)=O)C=CC(OC)=C4)CC3)=NC=C2)=O,1.35 ,10.1021/acs.molpharmaceut.4c00406
,O=C1/C(=C/C2=CN(CCNC(C3=CC=C(C=C3)NC)=O)N=C2C2=CC=CC=C2)/C(=O)NC(=O)N1,0.31 ,10.1021/acs.molpharmaceut.4c00406
,O=C1N=C(OC[C@@H]2COCCO2)C=C2N1CCC1=C2C=CC(=C1)C#CC1CC1,0.60 ,10.1021/acs.molpharmaceut.4c00406
,CC(C1=NC=CC=C1)(C2=CC=CC=N2)N3C4=CC(C5=CN(C)C6=C5C=CNC6=O)=CC(NS(=O)(CC)=O)=C4C=C3,1.49 ,10.1021/acs.molpharmaceut.4c00406
,CC(=O)Nc1ncc(CN2CCC3(CCN(C3)c4cc(C)nc5ccccc45)C2)s1,17.80 ,10.1021/acs.molpharmaceut.4c00406
,C[C@H]1COC[C@H](C)N1C2=C(C=NC3=CC(Cl)=NN23)NC(=O)Nc4ccnc(c4)C(F)(F)F,1.50 ,10.1021/acs.molpharmaceut.4c00406
,CC1=CC=C(S1)C#CC2=C(F)C=CC(=C2)C3=NN(C4=NC(=CS4)C(O)=O)C(CC5CC5)=C3CC6=CC=C(C(F)=C6)S(N)(=O)=O,1.79 ,10.1021/acs.molpharmaceut.4c00406
,CC1=CC=C(O1)C#CC2=C(F)C=CC(=C2)C3=NN(C4=NC(=CS4)C(O)=O)C(CC5CC5)=C3CC6=CC=C(C(F)=C6)S(N)(=O)=O,10.30 ,10.1021/acs.molpharmaceut.4c00406
,CC1=NC=C(S1)C#CC2=C(F)C=CC(=C2)C3=NN(C4=NC(=CS4)C(O)=O)C(CC5CC5)=C3CC6=CC(F)=C(C=C6)S(N)(=O)=O,13.90 ,10.1021/acs.molpharmaceut.4c00406
,CC1=CN=C(S1)C#CC2=C(F)C=CC(=C2)C3=NN(C4=NC(=CS4)C(O)=O)C(CC5CC5)=C3CC6=CC(F)=C(C=C6)S(N)(=O)=O,17.90 ,10.1021/acs.molpharmaceut.4c00406
,CC1=CC=C(S1)C#CC2=CC=CC(=C2)C3=NN(C4=NC(=CS4)C(O)=O)C(CC5CC5)=C3CC6=CC=C(C(F)=C6)S(N)(=O)=O,1.70 ,10.1021/acs.molpharmaceut.4c00406
,CC1=CC=C(O1)C#CC2=CC=CC(=C2)C3=NN(C4=NC(=CS4)C(O)=O)C(CC5CC5)=C3CC6=CC(F)=C(C=C6)S(N)(=O)=O,12.50 ,10.1021/acs.molpharmaceut.4c00406
,NS(=O)(=O)C1=CC=C(CC2=C(CC3CC3)N(N=C2C4=CC(\C=C\C5CCCC5)=C(F)C=C4)C6=NC(=CS6)C(O)=O)C=C1F,13.30 ,10.1021/acs.molpharmaceut.4c00406
,CC1=CC=C(S1)C#CC2=C(F)C=CC(=C2)C3=NN(C4=NC(=CS4)C(O)=O)C(CCC5CC5)=C3CC6=CC(F)=C(C=C6)S(N)(=O)=O,2.50 ,10.1021/acs.molpharmaceut.4c00406
,CC1=CC=C(S1)C#CC2=CC=CC(=C2)C3=NN(C4=NC(=CS4)C(O)=O)C(CCC5CC5)=C3CC6=CC(F)=C(C=C6)S(N)(=O)=O,1.47 ,10.1021/acs.molpharmaceut.4c00406
,FC1=C2C(=CC=C1)N=C([C@H](CC)NC1=C3C(NC=N3)=NC=N1)N(C1C=CC=CC=1)C2=O,0.73 ,10.1021/acs.molpharmaceut.4c00406
,O=C1C(C2=CC=CC=C2)=C([C@H](C)NC3=NC(N)=NC(N)=C3C#N)C=C4C=CC(F)=CN41,1.30 ,10.1021/acs.molpharmaceut.4c00406
,O=C1C=C([C@@H](NC2=NC(N)=NC(N)=C2C#N)C)C(C3=CC(F)=CC(F)=C3)=C4N1C=C(F)C=C4,1.90 ,10.1021/acs.molpharmaceut.4c00406
,O=C1C(C2=CC=CC=C2)=C([C@H](C)NC3=NC(N)=NC(N)=C3C#N)C(C)=C4C=CC(F)=CN41,1.70 ,10.1021/acs.molpharmaceut.4c00406
,O=C1C(C2=CC=CC=C2)=C([C@H](C)NC3=NC(N)=NC(N)=C3C#N)C(C4CC4)=C5C=CC(F)=CN51,1.80 ,10.1021/acs.molpharmaceut.4c00406
,O=C1C(C2=CC=CC=C2)=C(C(C)NC3=NC(N)=NC(N)=C3C#N)C(C4=CC=C(F)C=C4)=C5C=CC(F)=CN51,0.70 ,10.1021/acs.molpharmaceut.4c00406
,N1C(C2C=C(C=C3C=2C2=C([C@](C)4CCCN4C/C/2=N/1)N3)F)=O,5.65 ,10.1021/acs.molpharmaceut.4c00406
,C[C@@H](NC1=C(Cl)C(C)=NC2=CC(F)=C(N=C12)C1=CN=C(N=C1)C(C)(C)O)C1=CC(=CC=C1F)C#N,3.20 ,10.1021/acs.molpharmaceut.4c00406
,FC1C=C(C(=CC=1)F)[C@@H]1[C@H](C[C@H](CO1)N1CC2C(=CN(S(C)(=O)=O)N=2)C1)N,1.65 ,10.1021/acs.molpharmaceut.4c00406
,N[C@H]1[C@@H](F)[C@@H](N2CC3=CN(S(C)(=O)=O)N=C3C2)CO[C@@H]1C4=CC(F)=CC=C4F,0.96 ,10.1021/acs.molpharmaceut.4c00406
,N[C@H]1C[C@@H](N2CC3=CN(S(=O)(C)=O)N=C3C2)[C@@H](C(F)(F)F)O[C@@H]1C4=CC(F)=CC=C4F,3.30 ,10.1021/acs.molpharmaceut.4c00406
,N[C@H]1C[C@@H](N2CC3=CN(S(=O)(C)=O)N=C3C2)[C@@H](C(F)(F)F)O[C@@H]1C4=CC(F)=C(F)C=C4F,2.27 ,10.1021/acs.molpharmaceut.4c00406
,CC(NC[C@@H]1OC(N2C3=CC(F)=C(N4CCSCC4)C=C3OC[C@]21[H])=O)=O,2.72 ,10.1021/acs.molpharmaceut.4c00406
,O[C@H](CNC)CN1CC2=CC=CC(OCC3=CC=C(C4=NC=CS4)C=C3)=C2CC1,42.60 ,10.1021/acs.molpharmaceut.4c00406
,ClC1=CC=CC(Cl)=C1CC(N2[C@@H](CO)CC(C(C(O)(C)C)=CC=C3)=C3[C@@H]2C)=O,1.65 ,10.1021/acs.molpharmaceut.4c00406
,ClC1=CC=CC(Cl)=C1CC(N2[C@@H](CO)CC(C(CCC(O)(C)C)=CC=C3)=C3[C@@H]2C)=O,2.16 ,10.1021/acs.molpharmaceut.4c00406
,O[C@@]1(CCN(C1=O)C1=CC=C2NC(=O)CCC2=C1)C(=O)NCC1=CC(Cl)=CC(F)=C1,0.78 ,10.1021/acs.molpharmaceut.4c00406
,O[C@@]1(CCN(C1=O)C1=CC=C2NN=CC2=C1)C(=O)NCC1=CC(Cl)=CC(F)=C1,0.57 ,10.1021/acs.molpharmaceut.4c00406
,O[C@@]1(CCN(C1=O)C1=CC=C2NN=CC2=C1)C(=O)NCC1=CC(F)=CC(F)=C1,0.99 ,10.1021/acs.molpharmaceut.4c00406
,O[C@@]1(CCN(C1=O)C1=CN=C2NC=CC2=C1)C(=O)NCC1=CC(Cl)=CC(F)=C1,0.44 ,10.1021/acs.molpharmaceut.4c00406
,O[C@@]1(CCN(C1=O)C1=CN=C2NC=CC2=C1)C(=O)NCC1=CC(F)=CC(F)=C1,0.51 ,10.1021/acs.molpharmaceut.4c00406
,O[C@@]1(CCN(C1=O)C1=CN=C2NC=C(Cl)C2=C1)C(=O)NCC1=CC(F)=CC(Cl)=C1,0.26 ,10.1021/acs.molpharmaceut.4c00406
,O[C@@]1(CCN(C1=O)C1=CN=C2NC=C(Cl)C2=C1)C(=O)NCC1=CC(F)=CC(F)=C1,0.34 ,10.1021/acs.molpharmaceut.4c00406
,O[C@@]1(CCN(C1=O)C1=CC=C2NC=CC2=C1)C(=O)NCC1=CC(F)=CC(Cl)=C1,0.40 ,10.1021/acs.molpharmaceut.4c00406
,O[C@@]1(CCN(C1=O)C1=CC=C2NC=CC2=C1)C(=O)NCC1=CC(F)=CC(F)=C1,0.37 ,10.1021/acs.molpharmaceut.4c00406
,CC1=C2C(C(OCC3(C)COC3)=CC(C4=CC(NS(=O)(C5=C(F)C=C(F)C=C5)=O)=C(OC)N=C4)=C2)=NC=N1,0.73 ,10.1021/acs.molpharmaceut.4c00406
,CC1=C2C(C(O[C@@H]3CCOC3)=CC(C4=CC(NS(=O)(C5=CC=C(F)C=C5F)=O)=C(OC)N=C4)=C2)=NC=N1,0.50 ,10.1021/acs.molpharmaceut.4c00406
,CC1=C2C(C(OC3CCOCC3)=CC(C4=CC(NS(=O)(C5=C(F)C=C(F)C=C5)=O)=C(OC)N=C4)=C2)=NC=N1,0.37 ,10.1021/acs.molpharmaceut.4c00406
,CC1=NC(N2CCN(CC)CC2)=CC(NC3=NC=C(C4=CC=NC=C4)S3)=N1,14.70 ,10.1021/acs.molpharmaceut.4c00406
,COC(=O)C1=C(NC(=N[C@H]1c2ccc(c(c2)F)Cl)c3nccs3)CN4CCOC[C@H]4C(=O)O,2.70 ,10.1021/acs.molpharmaceut.4c00406
,OC1(CCS(=O)(=O)CC1)C(=O)N1CC[C@@]2([C@H]1CCC1=C2C=CC(=C1)C(F)(C(F)(F)F)C(F)(F)F)S(=O)(=O)C1=CC=C(F)C=C1,2.70 ,10.1021/acs.molpharmaceut.4c00406
,C[C@]1([C@@H](F)[C@@H](C)SC(N)=N1)C2=CC(NC(C3=NC=C(OCF)N=C3)=O)=CC=C2F,7.50 ,10.1021/acs.molpharmaceut.4c00406
,ONC(=O)c1ccc(cc1)Cn1nnnc1-c1cccs1,15.30 ,10.1021/acs.molpharmaceut.4c00406
,Cn1c(nnc1-c1cccs1)Sc1ccc(cc1)C(=O)NO,20.50 ,10.1021/acs.molpharmaceut.4c00406
,NC(C1=CC(F)=C(N2CCC[C@H](NC(C#CC)=O)C2)C3=C1NC(C)=C3C)=O,0.48 ,10.1021/acs.molpharmaceut.4c00406
,[2H]C([2H])([2H])NC(=O)C1=NN=C(NC(=O)C2CC2)C=C1NC1=CC=CC(C2=NN(C)C=N2)=C1OC,2.90 ,10.1021/acs.molpharmaceut.4c00406
,O[C@H]([C@H](F)[C@@H]1F)C2=C1C(OC3=CC(C#N)=CC(F)=C3)=CC=C2S(C)(=O)=O,4.90 ,10.1021/acs.molpharmaceut.4c00406
,COC1=C(F)C=C(C2=CC3=C(C)N=CN=C3C(OCCCCCCC(NO)=O)=C2)C=N1,2.57 ,10.1021/acs.molpharmaceut.4c00406
,CC1=C2C(C(OCCN(C3=NC=C(C(NO)=O)C=N3)C)=CC(C4=CC=C(OC)N=C4)=C2)=NC=N1,50.00 ,10.1021/acs.molpharmaceut.4c00406
,O=C(CC(NC1=CC(F)=CC=C1)=O)NC2=CC(NN=C3/C=C/C4=CC=CC=N4)=C3C=C2,5.7,10.1021/acs.molpharmaceut.4c00406
,Cc1nnc(o1)N1CCC(CC1)C(=O)N1N=CC[C@H]1c1cc(F)cc(F)c1,1.8,10.1021/acs.molpharmaceut.4c00406
,CC[C@H](NC1=C(C#N)C(=NC(=N1)N)C)C/2=N/C3=CC=CC(=C3C(=O)N2C4=CC=CC=C4)NCC5=CC=C(C=C5)C(=O)NO,3.6,10.1021/acs.molpharmaceut.4c00406
,O=C1C2=C([C@@](OC(CCNC(C3=NOC(C4=C(O)C=C(O)C(C(C)C)=C4)=C3C5=CC=C(CN6CCOCC6)C=C5)=O)=O)(CC)C(OC2)=O)C=C7C8=NC9=CC=C(O)C=C9C(CC)=C8CN71,0.1,10.1021/acs.molpharmaceut.4c00406
,CC(C)C1=CC(C2=C(C3=CC=C(CN4CCOCC4)C=C3)C(C(NCC(O[C@@](C(OC5)=O)(CC)C6=C5C(N7C(C8=NC9=CC=C(O)C=C9C(CC)=C8C7)=C6)=O)=O)=O)=NO2)=C(O)C=C1O,0.101,10.1021/acs.molpharmaceut.4c00406
,O=C1C2=C([C@@](O)(CC)C(OC2)=O)C=C3C4=NC5=CC=C(OC(N6CCC(NC(C7=NOC(C8=C(O)C=C(O)C(C(C)C)=C8)=C7C9=CC=C(CN%10CCOCC%10)C=C9)=O)CC6)=O)C=C5C(CC)=C4CN31,0.103,10.1021/acs.molpharmaceut.4c00406
,CCNC(=O)c(c1)[nH]c(c12)c(=O)n(C)cc2-c3c(ccc(c3)S(=O)(=O)CC)Oc(c4C)c(C)ccc4,0.8,10.1021/acs.molpharmaceut.4c00406
,FC1=CC=C(OC)C(C(C2)C2CN(CCC)CCCCNC(C3=CC=C(C4=CC=CC=N4)C=C3)=O)=C1,3.13,10.1021/acs.molpharmaceut.4c00406
,ClC1=CC=CC(C(C2)C2CN(CCC)CCCCNC(C3=CC(C=CC=C4)=C4C=C3)=O)=C1Cl,20.8,10.1021/acs.molpharmaceut.4c00406
,ClC1=CC=CC(C(C2)C2CN(CCC)CCCCNC(C3=CC4=C(C=CC=C4)N3)=O)=C1Cl,23.8,10.1021/acs.molpharmaceut.4c00406
,ClC1=CC=CC(C(C2)C2CN(CCC)CCCCNC(C3=CC=C(C4=NC=CC=C4)C=C3)=O)=C1Cl,4.11,10.1021/acs.molpharmaceut.4c00406
,ClC1=C(C2=CC(CCO3)=C3C=C2)C(NC4=C(C(O)=O)C=CC=C4)=CC=C1,1.65,10.1021/acs.molpharmaceut.4c00406
,CO[C@H](C)[C@H](NC(=O)OC)C(=O)N1[C@H]2CCC[C@H]2C[C@H]1c1ncc([nH]1)-c1ccc-2c(c1)-c1ccc(cc-21)-c1cnc([nH]1)[C@@H]1C[C@@H]2CCC[C@@H]2N1C(=O)[C@@H](NC(=O)OC)[C@@H](C)OC,1.3,10.1021/acs.molpharmaceut.4c00406
,CC1=CC(/C=C/C#N)=CC(C)=C1OC2=C(SC=C3)C3=NC(NC4=CC(F)=C(C#N)C=C4)=N2,0.38,10.1021/acs.molpharmaceut.4c00406
,C[C@@H](COCC1)N1C2=NC(SC(C3=NNC=C3)=N4)=C4C(N5[C@H](C)COCC5)=N2,2.3,10.1021/acs.molpharmaceut.4c00406
,CC1=C(C2=CC=C(Cl)C=C2)SC(C(CC)=O)=C1C3=CC=C(S(=O)(N)=O)C=C3,4,10.1021/acs.molpharmaceut.4c00406
,NC(C(C=C1)=C(OC(C)C)C=C1C2=CN=CC=C2)=O,3,10.1021/acs.molpharmaceut.4c00406
,NC(C(C=C1)=C(OC(C)C)C=C1C2=CN=CC(C3=CN(C4COC4)N=C3)=C2)=O,5.5,10.1021/acs.molpharmaceut.4c00406
,ClC1=CC([C@H]([C@@H](C(N[C@H](C(O)=O)C2=CC(O)=C(CN[C@@H]3[C@@H](O)[C@@H](O)[C@@H](CO)OC3O)C(O)=C24)=O)NC([C@@H](N5)C6=CC4=C(O)C=C6)=O)O)=CC=C1OC7=CC8=CC(OC9=CC=C([C@H]([C@H](C(N[C@@H](CC(N)=O)C(N[C@H]8C5=O)=O)=O)NC([C@H](NC)CC(C)C)=O)O)C=C9Cl)=C7O[C@H]%10[C@H](O[C@H](O%11)C[C@](C)(NCC%12=CC=C(C%13=CC=C(Cl)C=C%13)C=C%12)[C@H](O)[C@@H]%11C)[C@@H](O)[C@H](O)[C@@H](CO)O%10,1.75 ,10.1021/acs.molpharmaceut.4c00406
,ClC1=CC([C@H]([C@@H](C(N[C@H](C(O)=O)C2=CC(O)=C(CNCCCNC([C@@H](O)[C@H](O)[C@@H](O)[C@@H](O)CO)=O)C(O)=C23)=O)NC([C@@H](N4)C5=CC3=C(O)C=C5)=O)O)=CC=C1OC6=CC7=CC(OC8=CC=C([C@H]([C@H](C(N[C@@H](CC(N)=O)C(N[C@H]7C4=O)=O)=O)NC([C@H](NC)CC(C)C)=O)O)C=C8Cl)=C6O[C@H]9[C@H](O[C@H](O%10)C[C@](C)(NCC%11=CC=C(C%12=CC=C(C(F)(F)F)C=C%12)C=C%11)[C@H](O)[C@@H]%10C)[C@@H](O)[C@H](O)[C@@H](CO)O9,1.83 ,10.1021/acs.molpharmaceut.4c00406
,ClC1=CC([C@H]([C@@H](C(N[C@H](C(O)=O)C2=CC(O)=C(CN[C@@H]3[C@@H](O)[C@@H](O)[C@@H](CO)OC3O)C(O)=C24)=O)NC([C@@H](N5)C6=CC4=C(O)C=C6)=O)O)=CC=C1OC7=CC8=CC(OC9=CC=C([C@H]([C@H](C(N[C@@H](CC(N)=O)C(N[C@H]8C5=O)=O)=O)NC([C@H](NC)CC(C)C)=O)O)C=C9Cl)=C7O[C@H]%10[C@H](O[C@H](O%11)C[C@](C)(NCC%12=CC=C(C%13=CC=C(C(F)(F)F)C=C%13)C=C%12)[C@H](O)[C@@H]%11C)[C@@H](O)[C@H](O)[C@@H](CO)O%10,0.90 ,10.1021/acs.molpharmaceut.4c00406
,ClC1=CC([C@H]([C@@H](C(N[C@H](C(O)=O)C2=CC(O)=C(CNCCO[C@H]3[C@H](O)[C@@H](O)[C@@H](O)[C@@H](CO)O3)C(O)=C24)=O)NC([C@@H](N5)C6=CC4=C(O)C=C6)=O)O)=CC=C1OC7=CC8=CC(OC9=CC=C([C@H]([C@H](C(N[C@@H](CC(N)=O)C(N[C@H]8C5=O)=O)=O)NC([C@H](NC)CC(C)C)=O)O)C=C9Cl)=C7O[C@H]%10[C@H](O[C@H](O%11)C[C@](C)(NCC%12=CC=C(C%13=CC=C(C(F)(F)F)C=C%13)C=C%12)[C@H](O)[C@@H]%11C)[C@@H](O)[C@H](O)[C@@H](CO)O%10,1.08 ,10.1021/acs.molpharmaceut.4c00406
,ClC1=C(N2CC[C@@H](OC3=CC=C(N4[C@@H](CC(O)=O)[C@H](C)C(C(F)(F)F)=N4)C=C3)[C@H](C)C2)C=C(OC)N=C1,0.40 ,10.1021/acs.molpharmaceut.4c00406
,FC1=C(N2CC[C@@H](OC3=CC=C(N4[C@@H](CC(O)=O)[C@H](C)C(C(F)(F)F)=N4)C=C3)[C@H](C)C2)C=C(OCC)C=C1,0.70 ,10.1021/acs.molpharmaceut.4c00406
,FC1=C(N2CCC(OC3=CC=C(N4[C@@H](CC(O)=O)[C@H](C)C(C(F)(F)F)=N4)C=C3)CC2)C=C(OC)C=C1,0.80 ,10.1021/acs.molpharmaceut.4c00406
,BrC1=CC=C(CCN(C)C2CCN(C3=NC(N)=NN3)CC2)C=C1,12.80 ,10.1021/acs.molpharmaceut.4c00406
,ClC1=CC=C(CCN(CC(C)C)C2CCN(C3=NC(N)=NN3)CC2)C=C1,2.33 ,10.1021/acs.molpharmaceut.4c00406
,BrC1=CC=C(CCN(CC(C)C)C2CCN(C3=NC(N)=NN3)CC2)C=C1,1.66 ,10.1021/acs.molpharmaceut.4c00406
,ClC1=CC=C(CCN(CC2=CC=CC=C2Cl)C3CCN(C4=NC(N)=NN4)CC3)C=C1,3.03 ,10.1021/acs.molpharmaceut.4c00406
,NC1=NNC(N2CCC(NS(CC3=CC=C(Br)C=C3)(=O)=O)CC2)=N1,1.16 ,10.1021/acs.molpharmaceut.4c00406
,O=C1NC(SCC2=CC(=CC=C2)C2=NN=NN2)=NC(C2=CC=CS2)=C1C#N,0.31 ,10.1021/acs.molpharmaceut.4c00406
,OC(=O)CC1=CC=CC(CSC2=NC(C3=CC=CS3)=C(C#N)C(=O)N2)=C1,0.27 ,10.1021/acs.molpharmaceut.4c00406
,O=C(NO)CCCCCCN2C1=NC(C4=CC=CC(CO)=C4)=NC(N3CCOCC3)=C1N=C2,3.06 ,10.1021/acs.molpharmaceut.4c00406
,O=[N+](C1=CN2C(OCC(COC3=CC=C(OC(F)(F)F)C=C3)C2)=N1)[O-],2.50 ,10.1021/acs.molpharmaceut.4c00406
,O=[N+](C1=CN2C(OCC(COC3=CC=C(C4=CC=C(OC(F)(F)F)C=C4)N=C3)C2)=N1)[O-],1.90 ,10.1021/acs.molpharmaceut.4c00406
,FC(C=C1)=CC=C1C(N=C2)=CC=C2OCC3COC4=NC([N+]([O-])=O)=CN4C3,1.80 ,10.1021/acs.molpharmaceut.4c00406
,N#CC1(CC1)NC([C@@H](NC(C2=NN(C3=CN=C(F)C=C3)N=C2)=O)CC4=CC=C(OC(F)(F)F)C(Cl)=C4)=O,1.20 ,10.1021/acs.molpharmaceut.4c00406
,N#CC1(CC1)NC([C@@H](NC(C2=NN(C3=CN=CC=C3)N=C2)=O)CC4=CC=C(OC(F)(F)F)C(Cl)=C4)=O,0.80 ,10.1021/acs.molpharmaceut.4c00406
,N#CC1(CC1)NC([C@@H](NC(C2=NN(C)N=C2)=O)CC3=CC=C(OC(F)(F)F)C(Cl)=C3)=O,2.70 ,10.1021/acs.molpharmaceut.4c00406
,N#CC1(CC1)NC([C@@H](NC(C2=NN(C(C)C)N=C2)=O)CC3=CC=C(OC(F)(F)F)C(Cl)=C3)=O,3.00 ,10.1021/acs.molpharmaceut.4c00406
,N#CC1(CC1)NC([C@@H](NC(C2=NN(C(C)(C)C)N=C2)=O)CC3=CC=C(OC(F)(F)F)C(Cl)=C3)=O,1.70 ,10.1021/acs.molpharmaceut.4c00406
,O=C(N[C@H](C(NC1(CC1)C#N)=O)CC2=CC=C(Cl)C(Cl)=C2)C3=NN(C4=CC=C(F)C=C4)N=C3,2.50 ,10.1021/acs.molpharmaceut.4c00406
,CC1=C(Cl)C(=O)C(=C(C)N1)C1=CN=C(OCC2=CC=C(OC(F)(F)F)C=C2)C=C1,1.26 ,10.1021/acs.molpharmaceut.4c00406
,CC1=C(Br)C(=O)C(=C(C)N1)C1=CN=C(C=C1)C1=CC=C(OC(F)(F)F)C=C1,0.91 ,10.1021/acs.molpharmaceut.4c00406
,CC1=C(Cl)C(=O)C(=C(C)N1)C1=CN=C(C=C1)C1=CC=C(OC(F)(F)F)C=C1,0.85 ,10.1021/acs.molpharmaceut.4c00406
,CC1=C(Cl)C(=O)C(=C(C)N1)C1=CN=C(C=C1)C1=CC=C(C=C1)C(F)(F)F,1.41 ,10.1021/acs.molpharmaceut.4c00406
,CC1=C(Cl)C(=O)C(=C(C)N1)C1=CN=C(C=C1)C1=CC(=CC=C1)C(F)(F)F,0.68 ,10.1021/acs.molpharmaceut.4c00406
,CC1=C(Cl)C(=O)C(=C(C)N1)C1=CN=C(C=C1)C1=C(Cl)C=C(C=C1)C(F)(F)F,1.24 ,10.1021/acs.molpharmaceut.4c00406
,CC1=C(Cl)C(=O)C(=C(C)N1)C1=CN=C(C=C1)C1=C(F)C=C(C=C1)C(F)(F)F,0.75 ,10.1021/acs.molpharmaceut.4c00406
,CC1=C(Cl)C(=O)C(=C(CO)N1)C1=CN=C(C=C1)C1=CC=C(OC(F)(F)F)C=C1,1.11 ,10.1021/acs.molpharmaceut.4c00406
,FC1(F)CCC(CC1)C2=NC3=CN=C(NC4=NC=C(C=C4)C(F)(F)F)C=C3[NH]3,1.50 ,10.1021/acs.molpharmaceut.4c00406
,O=C(C1=C(O)C2=C(C3=CC4=C(N(C)C(CNC(C)C)=C4)C=C3CCC2)NC1=O)O.[H]Cl,69.00 ,10.1021/acs.molpharmaceut.4c00406
,O=C(C1=C(O)C2=C(C3=CC4=C(N(C)C(CNC(C)CC)=C4)C=C3OCC2)NC1=O)O.[H]Cl,7.10 ,10.1021/acs.molpharmaceut.4c00406
,O=C(C1=C(O)C2=C(C3=CC4=C(N(C)C(CNC5(C)CCC5)=C4)C=C3CCC2)NC1=O)O.[H]Cl,7.10 ,10.1021/acs.molpharmaceut.4c00406
,O=C(C1=C(O)C2=C(C3=CC4=C(N(C)C(CNC5(C)CCC5)=C4)C=C3OCC2)NC1=O)O.[H]Cl,13.00 ,10.1021/acs.molpharmaceut.4c00406
,O=C(C1=C(O)C2=C(C3=CC4=C(N(C)C(CN(C)C)=C4)C=C3CCC2)NC1=O)O.[H]Cl,11.00 ,10.1021/acs.molpharmaceut.4c00406
,O=C(C1=C(O)C2=C(C3=CC4=C(N(C)C(CN(C)C)=C4)C=C3OCC2)NC1=O)O.[H]Cl,7.60 ,10.1021/acs.molpharmaceut.4c00406
,O=C(C1=C(O)C2=C(C3=CC4=C(N(C)C(CN5CCCC5)=C4)C=C3CCC2)NC1=O)O.[H]Cl,8.10 ,10.1021/acs.molpharmaceut.4c00406
,O=[S](=O)(NC1=NN=C2C=C(OCC34CC5CC(CC(C5)C3)C4)C(=C[N]12)C6CC6)C7CC7,0.70 ,10.1021/acs.molpharmaceut.4c00406
,C[S](=O)(=O)NC1=NN=C2C=C(COC3=CC(=CC(=C3)Cl)Cl)C(=C[N]12)C4CC4,0.20 ,10.1021/acs.molpharmaceut.4c00406
,C[S+]([O-])(=O)N1CCN(CC1)C(=O)C2=CN=C3C=CC(=CC3=C2N4CCC(CC4)(C#N)C5=CC=CC=C5)F,0.70 ,10.1021/acs.molpharmaceut.4c00406
,C[S+]([O-])(=O)N1CCN(CC1)C(=O)C2=CN=C3C=CC(=CC3=C2C4=CC=C(C=C4)C5(CC5)C#N)F,1.40 ,10.1021/acs.molpharmaceut.4c00406
,COCCN1Cc2ccc(cc2C1=O)c3nc(NC4CCOCC4)ncc3Cl,0.05 ,10.1021/acs.molpharmaceut.4c00406
,Clc1cnc(NC2CCOCC2)nc1c3ccc4CN(CCN5CCOCC5)C(=O)c4c3,0.20 ,10.1021/acs.molpharmaceut.4c00406
,CC(C)(C)NC(=O)CN1Cc2ccc(cc2C1=O)c3nc(NC4CCOCC4)ncc3Cl,0.20 ,10.1021/acs.molpharmaceut.4c00406
,CN(C(=O)CN1Cc2ccc(cc2C1=O)c3nc(NC4CCOCC4)ncc3Cl)C(C)(C)C,0.10 ,10.1021/acs.molpharmaceut.4c00406
,Clc1cnc(NC2CCOCC2)nc1c3ccc4CN(CC(=O)NCc5ccccc5)C(=O)c4c3,0.20 ,10.1021/acs.molpharmaceut.4c00406
,COc1cccc(c1)[C@@H](C)NC(=O)CN2Cc3ccc(cc3C2=O)c4nc(NC5CCOCC5)ncc4Cl,0.01 ,10.1021/acs.molpharmaceut.4c00406
,OC[C@@H](NC(=O)CN1Cc2ccc(cc2C1=O)c3nc(NC4CCOCC4)ncc3Cl)c5ccccc5,0.60 ,10.1021/acs.molpharmaceut.4c00406
,COc1cccc(c1)[C@@H](CO)NC(=O)CN2Cc3ccc(cc3C2=O)c4nc(NC5CCOCC5)ncc4Cl,1.00 ,10.1021/acs.molpharmaceut.4c00406
,C[C@@H](N1Cc2ccc(cc2C1=O)c3nc(NC4CCOCC4)ncc3Cl)C(=O)N[C@H](CO)c5ccccc5,1.00 ,10.1021/acs.molpharmaceut.4c00406
,C[C@@H](N1Cc2ccc(cc2C1=O)c3nc(NC4CCOCC4)ncc3Cl)C(=O)N[C@H](CO)c5cccc(C)c5,0.60 ,10.1021/acs.molpharmaceut.4c00406
,CC1=C(N=C2C=CC(=CC2=C1C(=O)O)F)C3=CC=C(C=C3)C4=CC=CC=C4F,8.20 ,10.1021/acs.molpharmaceut.4c00406
,CC1=C(N=C2C=CC(=CC2=C1C(=O)O)F)C3=CC=C(C=C3)C4=CC=CC=C5F,11.60 ,10.1021/acs.molpharmaceut.4c00406
,CC1=C(N=C2C=CC(=CC2=C1C(=O)O)F)C3=CC=C(C=C3)C4=CC=CC=C6F,7.48 ,10.1021/acs.molpharmaceut.4c00406
,CC1=C(C(O)=O)C2=CC(F)=CC=C2N=C1C3=CC=C(C4=C(Cl)N=CC=C4)C=C3,0.50 ,10.1021/acs.molpharmaceut.4c00406
,CN(C[C@@H]1C2)[C@@H]2CN1C3=CC(NC4=NC=C(C)C(N[C@H](C)CC)=N4)=C(F)N=C3,10.30 ,10.1021/acs.molpharmaceut.4c00406
,C[C@@]1(N=C(N)CO[C@H]1C(F)(F)F)c2cc(ccc2F)NC(=O)c3ccc(C#N)cn3 {A1=R;A7=R},7.60 ,10.1021/acs.molpharmaceut.4c00406
,O=C(C1=CN=C(NC2=C(OC)C=C(N3CCN(C)CC3)C=C2)N=C1N(C4=O)C5=CC=CC(NC(C=C)=O)=C5)N4C(C)C,4.53 ,10.1021/acs.molpharmaceut.4c00406
,O=S(C1=CC=CC(C2=CC=C3C(C(C4=CC=NC=C4)=CC=N3)=N2)=C1)(NCCO)=O,25.70 ,10.1021/acs.molpharmaceut.4c00406
,O=S(C1=CC=CC(C2=CC=C3C(C(C4=CC=NC(C(F)(F)F)=C4)=CC=N3)=N2)=C1)(N)=O,7.00 ,10.1021/acs.molpharmaceut.4c00406
,NC1=NC(C)=C2C(C(OC3CCOCC3)=CC(C4=CC(NS(C5=C(F)C=C(F)C=C5)(=O)=O)=C(OC)N=C4)=C2)=N1,0.85 ,10.1021/acs.molpharmaceut.4c00406
,NC1=NC(C)=C2C(C(O[C@@H]3CCOC3)=CC(C4=CC(NS(=O)(C5=C(F)C=C(F)C=C5)=O)=C(OC)N=C4)=C2)=N1,2.57 ,10.1021/acs.molpharmaceut.4c00406
,CC1=C2C(C(OC3CCOCC3)=CC(C4=CC(NS(=O)(C5=C(F)C=C(F)C=C5)=O)=C(OC)N=C4)=C2)=NC(NC)=N1,0.76 ,10.1021/acs.molpharmaceut.4c00406
,CC1=C2C(C(O[C@@H]3CCOC3)=CC(C4=CC(NS(=O)(C5=C(F)C=C(F)C=C5)=O)=C(OC)N=C4)=C2)=NC(NC)=N1,1.56 ,10.1021/acs.molpharmaceut.4c00406
,Cc1cc(ccc1F)NC(=O)c2cccc(c2)S(=O)(=O)N[C@H]3CCOC3 {A21=S},1.30 ,10.1021/acs.molpharmaceut.4c00406
,COc1cc2c(NC3CCN(C)CC3)cc(nc2cc1OCCCN4CCCC4)c5oc(C)cc5,29.30 ,10.1021/acs.molpharmaceut.4c00406
,CCc1oc(cc1)c2cc(NC3CCN(C)CC3)c4cc(OC)c(OCCCN5CCCC5)cc4n2,88.50 ,10.1021/acs.molpharmaceut.4c00406
,COc1cc2c(NC3CCN(CC3)C4CC4)cc(nc2cc1OCCCN5CCCC5)c6oc(C)cc6,11.90 ,10.1021/acs.molpharmaceut.4c00406
,NC(=O)c1sc(cc1OCCc1ccccc1)N1CCOCC1,0.50 ,10.1021/acs.molpharmaceut.4c00406
,NC(=O)c1cc(ccc1OCCc1ccccc1)N1CCOCC1,0.90 ,10.1021/acs.molpharmaceut.4c00406
,NC(=O)c1sc(cc1OCCc1ccc(cc1)OC(F)(F)F)N1CCOCC1,1.70 ,10.1021/acs.molpharmaceut.4c00406
,CC1(COC1)COc1cc(sc1C(=O)N)N1CCOCC1,0.80 ,10.1021/acs.molpharmaceut.4c00406
,[H][C@]12[C@@H](CC[C@@]1(CC[C@]1(C)[C@]2([H])CC[C@]2([H])[C@@]3(C)CC=C(C4=CC=C(C=C4)C(O)=O)C(C)(C)[C@]3([H])CC[C@@]12C)C(=O)NCCC(O)=O)C(C)=C,0.82 ,10.1021/acs.molpharmaceut.4c00406
,C[C@@H]1CN(CC(=O)N2CC(C)(C)c3ncc(Cc4ccc(F)cc4)cc23)[C@@H](CN5CCOC[C@H]5C)CN1,6.40 ,10.1021/acs.molpharmaceut.4c00406
,C[C@@H]1CN(CC(=O)N2CC(C)(C)c3nc(CO)c(Cc4ccc(F)cc4)cc23)[C@@H](CN5CCOC[C@H]5C)CN1,2.70 ,10.1021/acs.molpharmaceut.4c00406
,CC(C)N(C)c1ccc(cc1)[C@H]1C[C@@]2(C)[C@@H](CC[C@@]2(O)C#CC(C)(C)C)[C@@H]2CCC3=CC(=O)CC[C@@H]3[C@H]22,5.01 ,10.1021/acs.molpharmaceut.4c00406
,OC1=CC=C(OC(C2=CC=C(OC[C@H](C)N3C[C@H](C)CC3)C=C2)C(C4=CC(O)=CC=C4)=C5C)C5=C1,6.20 ,10.1021/acs.molpharmaceut.4c00406
,FC(C=C1)=CC=C1C2=C(C)C3=CC(O)=CC=C3OC2C4=CC=C(OC[C@H](C)N5C[C@H](C)CC5)C=C4,11.00 ,10.1021/acs.molpharmaceut.4c00406
,ClC1=CC=CC(COC2=CC=CC3=C2C(NC4=CC=CN=C4)=NO3)=C1,9.90 ,10.1021/acs.molpharmaceut.4c00406
,ClC(C=CC=C1Cl)=C1COC2=CC=CC3=C2C(NC4=CC=CN=C4)=NO3,6.90 ,10.1021/acs.molpharmaceut.4c00406
,FC(OC(C=CC=C1)=C1COC2=CC=CC3=C2C(NC4=CC=CN=C4)=NO3)(F)F,16.10 ,10.1021/acs.molpharmaceut.4c00406
,ClC(C=CC(F)=C1)=C1COC2=CC=CC3=C2C(NC4=CC=CN=C4)=NO3,12.50 ,10.1021/acs.molpharmaceut.4c00406
,NC1=NC(NC2=CN(C)N=C2)=NC(C3=CC=CC(N(C=C4)C(C5=C4C=C(C6CC6)C=C5F)=O)=C3CO)=N1,3.03 ,10.1021/acs.molpharmaceut.4c00406
,COC[C@@H](C(N[C@@H](COCCCCCCOC1=CC=CC=C21)C(N[C@H](C([C@@]3(C)CO3)=O)CC4=CC=CC=C4)=O)=O)NC2=O,0.62 ,10.1021/acs.molpharmaceut.4c00406
,O=C(N[C@@H](CC1=CC=CC=C1)C([C@]2(CO2)C)=O)[C@H](COCCCCCCN3C4=CC=N3)NC([C@@H](NC4=O)COC)=O,0.48 ,10.1021/acs.molpharmaceut.4c00406
,FC(F)(F)C1=CC=CC(C2=NC3=C(C=C(N=C3)NC4=NC=C(N5CCNCC5)C=C4)N2)=C2,22.00 ,10.1021/acs.molpharmaceut.4c00406
,FC1=CC=C(C2=NC3=C(C=C(N=C3)NC4=NC=CC(C(N5C[C@@H](N[C@@H](C5)C)C)=O)=C4)N2)C=C2C(F)(F)F,58.00 ,10.1021/acs.molpharmaceut.4c00406
,FC1=CC=C(C2=NC3=C(C=C(N=C3)NC4=NC=CC(C(N5CC(OC(C5)C)C)=O)=C4)N2)C=C2C(F)(F)F,4.80 ,10.1021/acs.molpharmaceut.4c00406
,O=C(C1=CC=NC(NC2=NC=C3C(NC(C4=CC(C(F)(F)F)=CC=C4)=N3)=C2)=C1)N5CCN(CC6)C(C)(C)C,117.00 ,10.1021/acs.molpharmaceut.4c00406
,FC1=C(C=CC(C2=NC3=CN=C(C=C3N2)NC4=NC=CC(C(N5CCC(F)(CC5)F)=O)=C4)=C2)F,13.00 ,10.1021/acs.molpharmaceut.4c00406
,Cc1noc(C)c1-c(cc1)ccc1C(N1[C@H](c(cccc2)c2Cl)SC[C@@H]1C(O)=O)=O,4.05 ,10.1021/acs.molpharmaceut.4c00406
,C(N)(CNc(c(cc1C)c2cc1)cc(n2)N3CCS(=O)(=O)c4c(cccc4)C3)(C5)CO5,4.70 ,10.1021/acs.molpharmaceut.4c00406
,O[C@@H](CC1)CC[C@H]1N2C3=NC(N[C@@H](C)CCC)=NC=C3C(C4=CC=C(CN5CCOCC5)C=C4)=C2,1.40 ,10.1021/acs.molpharmaceut.4c00406
,CCC[C@H](C)NC1=NC=C2C(N([C@@H]3CC[C@@H](O)CC3)C=C2C4=CC=C(CN5CCN(C)CCC5)C=C4)=N1,3.30 ,10.1021/acs.molpharmaceut.4c00406
,O[C@@H](CC1)CC[C@H]1N2C3=NC(N[C@@H](C)CCC)=NC=C3C(C4=CC=C(CN5C6CCC5CC6)C=C4)=C2,37.20 ,10.1021/acs.molpharmaceut.4c00406
,O[C@@H](CC1)CC[C@H]1N2C3=NC(N[C@@H](C)CCC)=NC=C3C(C4=CC=C(S(N5CCN(C)CC5)(=O)=O)C=C4F)=C2,0.98 ,10.1021/acs.molpharmaceut.4c00406
,CCC[C@H](C)NC1=NC=C2C(N([C@@H]3CC[C@@H](O)CC3)C=C2C4=CC=C(CNCCN(CC)CC)C=C4)=N1,16.40 ,10.1021/acs.molpharmaceut.4c00406
,O[C@@H](CC1)CC[C@H]1N2C3=NC(N[C@@H](C)CCC)=NC=C3C(C4=CC(N5CCNCC5)=NC=C4)=C2,4.20 ,10.1021/acs.molpharmaceut.4c00406
,O[C@@H]1CC[C@@H](N2C3=NC(N[C@@H](C)CCC)=NC=C3C(C4=CN(C5CCNCC5)N=C4)=C2)CC1,1.60 ,10.1021/acs.molpharmaceut.4c00406
,O=C1C=C(NC2CCN(CC2)S(=O)(=O)C(F)(F)F)c3cc(ccc3N1)C(c4ccc(Cl)cc4)c5ccc(Cl)cc5,0.46 ,10.1021/acs.molpharmaceut.4c00406
,CC(C)C(=O)N1CCC(CC1)c2cn(C)c3ncc(NC(=O)c4cccc(c4)C#N)c(c25)C(F)(F)F,0.80 ,10.1021/acs.molpharmaceut.4c00406
