SMILES,human_VDss_L_kg,human_CL_mL_min_kg,human_fup,human_thalf,dog_VDss_L_kg,dog_CL_mL_min_kg,dog_fup,monkey_VDss_L_kg,monkey_CL_mL_min_kg,monkey_fup,rat_VDss_L_kg,rat_CL_mL_min_kg,rat_fup,mouse_VDss_L_kg,mouse_CL_mL_min_kg,mouse_fup
C[C@@H]1Cc2c([nH]c3ccccc23)[C@@H](c2c(F)cc(/C=C/C(=O)O)cc2F)N1CC12CC(C1)C2,,,-3,,,,,,,,,,,,,-3
C[C@@H]1Cc2c([nH]c3ccccc23)[C@@H](c2c(F)cc(/C=C/C(=O)O)cc2F)N1C12CC(C1)C2,,,-2.698970004,,-0.48148606,-0.744727495,,,,,-0.318758763,0.07918124604762482,,0.07918124604762482,0.6434526764861874,-2.522878745
COc1cc2c3c(n(CCCNC(C)C)c(=O)c2cc1OC)-c1nc2c(cc1C3=O)OCO2,,,-0.759450752,,,,,,,,,,,1.3463529744506386,1.9965116721541787,-0.798876103
CCNCCCn1c2c(c3cc(OC)c(OC)cc3c1=O)C(=O)c1cc3c(nc1-2)OCO3,,,-0.72607322,,,,,,,,,,,1.2304489213782739,2.0293837776852097,-0.780939668
COc1cc2c3c(n(CCCNCCO)c(=O)c2cc1OC)-c1nc2c(cc1C3=O)OCO2,,,-0.718512112,,,,,,,,,,,0.983175072037813,2.0293837776852097,-0.686343653
CC(=O)N1CCN(c2ccc(OCC3COC(Cn4ccnc4)(c4ccc(Cl)cc4Cl)O3)cc2)CC1,,,-1.701146924,,,,,,,,,,,,,-2.13076828
CC(C)Oc1cc(F)ccc1-c1ccnc(NC(=O)Nc2cccc(C(=O)N3CCN(C)CC3)c2)c1,,,-2.22184875,,,,,,,,0.21748394421390627,1.912753303671323,,,,
C=CCn1c(=O)c2cnc(Nc3ccc(N4CCN(C)CC4)cc3)nc2n1-c1cccc(C(C)(C)O)n1,,,,,,,,,,,,,,1.2068258760318498,2.5440680443502757,
C=CCn1c(=O)c2cnc(Nc3ccc(N4CCN(C)CC4)cc3)nc2n1-c1cccc(-c2cccnn2)n1,,,,,,,,,,,,,,1.0681858617461617,1.945320840792275,
C=CCn1c(=O)c2cnc(Nc3ccc(N4CCN(C)CC4)cc3)nc2n1-c1cccc(-c2ncccn2)n1,,,,,,,,,,,,,,0.6273658565927327,1.6145808669974862,
C=CCn1c(=O)c2cnc(Nc3ccc(N4CCN(C)CC4)cc3)nc2n1-c1cccc(-c2cnccn2)n1,,,,,,,,,,,,,,1.0530784434834197,2.135673194419237,
C=CCn1c(=O)c2cnc(Nc3ccc(N4CCN(C)CC4)cc3)nc2n1-c1cccc(-c2ncc(C)cn2)n1,,,,,,,,,,,,,,0.2966651902615311,1.1513698502474603,
C=CCn1c(=O)c2cnc(Nc3ccc(N4C[C@@H](C)N[C@@H](C)C4)cc3)nc2n1-c1cccc(-c2cccnn2)n1,,,,,,,,,,,,,,1.307496037913213,2.2512244095718317,
C=CCn1c(=O)c2cnc(Nc3ccc(C4CCN(C)CC4)cc3)nc2n1-c1cccc(-c2ncccn2)n1,,,,,,,,,,,,,,0.9556877503135057,1.841984804590114,
C=CCn1c(=O)c2cnc(Nc3ccc(N4[C@@H]5CC[C@H]4CN(C)C5)cc3)nc2n1-c1cccc(-c2ncccn2)n1,,,,,,,,,,,,,,1.1271047983648077,2.1089031276673134,
C=CCn1c(=O)c2cnc(Nc3ccc(N4CCNCC4)cc3)nc2n1-c1cccc(-c2ncccn2)n1,,,,,,,,,,,,,,0.7528164311882715,1.9138138523837167,
C=CCn1c(=O)c2cnc(Nc3ccc(N4C[C@@H](C)N[C@@H](C)C4)cc3)nc2n1-c1cccc(-c2ncccn2)n1,,,,,,,,,,,,,,1.7817553746524688,2.6300921078405923,
C=CCn1c(=O)c2cnc(Nc3ccc(N4CCC(N5CCN(C)CC5)CC4)cc3)nc2n1-c1cccc(-c2ncccn2)n1,,,,,,,,,,,,,,0.5705429398818975,1.2260841159758238,
C=CCn1c(=O)c2cnc(Nc3ccc(N4CCN(CC)CC4)cc3)nc2n1-c1cccc(-c2cnccn2)n1,,,,,,,,,,,,,,0.8692317197309762,2.0347487431464892,
C=CCn1c(=O)c2cnc(Nc3ccc(N4CCN(CCO)CC4)cc3)nc2n1-c1cccc(-c2cnccn2)n1,,,,,,,,,,,,,,1.2304489213782739,2.3391134147714006,
C=CCn1c(=O)c2cnc(Nc3ccc(N4CCC(N5CCN(C)CC5)CC4)cc3)nc2n1-c1cccc(-c2cnccn2)n1,,,,,,,,,,,,,,0.7481880270062004,1.3771240423464561,
COc1nc(-c2cccc(-c3ccccc3)c2C)ccc1CNCCCCCCC(O)=NO,,,,,,,,,,,0.9537596917332288,1.2087100199064011,,,,
C=C[C@]1(C)C[C@@H](OC(=O)CS[C@@H]2CC[C@@H](N)C[C@H]2O)[C@]2(C)C(C)CC[C@]3(CCC(=O)[C@H]32)[C@@H](C)[C@@H]1O,0.41713940972732566,0.6550423413312018,-0.46470588,0.8367037990897312,,,,,,,,,,,,
C=C[C@]1(C)C[C@@H](OC(=O)Cn2cc(-c3ccc(Cn4cnc5c(N6CCNCC6)ncnc54)nc3)nn2)[C@]2(C)[C@H](C)CC[C@]3(CCC(=O)[C@H]32)[C@@H](C)[C@@H]1O,,,-0.57024772,,,,,,,,,,-0.504455662,0.5440680443502757,1.8440420420410164,-0.600326279
COC(=O)NC(C(=O)N1C[C@H](OC(F)(F)F)CC1C(=O)N[C@H](C#N)CC1CCNC1=O)C(C)(C)C,,,,,,,,,,,-0.060480747,1.404833716619938,,,,
CC(C)(C)C(NC(=O)C(F)(F)F)C(=O)N1C[C@H](OC(F)F)CC1C(=O)N[C@H](C#N)CC1CCNC1=O,,,,,,,,,,,0.021189299069938092,1.5198279937757189,,,,
COC(=O)NC(C(=O)N1C[C@H](C(F)(F)F)CC1C(=O)N[C@H](C#N)CC1CCNC1=O)C(C)(C)C,,,,,,,,-0.18243463,0.8375884382355113,,0.18184358794477254,1.5365584425715302,-0.067019178,,,
COC(=O)NC(C(=O)N1C[C@H](C(F)(F)F)CC1C(=O)N[C@H](C#N)CC1CCCNC1=O)C(C)(C)C,,,,,,,,,,,-0.259637311,1.551449997972875,,,,
CCOc1ccccc1-c1cc(C(=O)NC/C=C/S(C)(=O)=O)[nH]n1,,,-0.853871964,,-0.096910013,1.4471580313422192,-0.698970004,0.2787536009528289,1.7481880270062005,,-0.22184875,1.6532125137753437,-0.958607315,0.01703333929878037,2.278753600952829,-0.744727495
NS(=O)(=O)c1c(C(F)(F)F)ccc(-c2ccc(C3CCN(CC4CNC4)CC3)cc2)c1-c1nn[nH]n1,,,,,,,,,,,-0.13667714,1.2787536009528289,-0.455931956,,,
NS(=O)(=O)c1c(C(F)(F)F)ccc([C@H]2CC[C@H](N)CC2)c1-c1nn[nH]n1,,,,,-0.508638306,0.414973347970818,-0.119186408,,,,-0.346787486,0.9395192526186185,-0.107905397,,,
Nc1nc2c(-c3ccc(C(F)(F)F)c(S(N)(=O)=O)c3-c3nn[nH]n3)cccc2[nH]1,,,,,-0.026872146,0.9590413923210935,-0.585026652,,,,-0.420216403,0.9822712330395684,-1.187086643,,,
NS(=O)(=O)c1c(CC2CCNCC2)ccc(-c2ccc(C3CCNCC3)cc2)c1-c1nn[nH]n1,,,,,-0.346787486,0.5440680443502757,-0.075720714,,,,-0.468521083,0.8061799739838872,-0.096910013,,,
NS(=O)(=O)c1c(C[C@H]2CC[C@H](N)CC2)ccc(-c2ccc(C3CNC3)cc2)c1-c1nn[nH]n1,,,,,,,,,,,-0.408935393,0.3424226808222063,-0.37675071,,,
Nc1ccc(-c2ccc(CC3CCNCC3)c(S(N)(=O)=O)c2-c2nn[nH]n2)cn1,,,,,,,,,,,-0.602059991,0.5440680443502757,-0.327902142,,,
CC(C)C(NC(=O)C(F)(F)F)C(=O)N1CC2C(C1C(=O)NC(CC1CCNC1=O)C(=O)c1nc3ccccc3s1)C2(C)C,,,,,0.04139268515822508,1.3159703454569178,,-0.236572006,1.414973347970818,,0.3344537511509309,1.4913616938342726,,,,
CC(C)(C)C(NC(=O)C(F)(F)F)C(=O)N1CC2C(C1C(=O)NC(C#N)CC1CCNC1=O)C2(C)C,,,,,,,,-0.48148606,1.2329961103921538,,0.25527250510330607,1.4345689040341987,,,,
COc1cccc2[nH]c(C(=O)NC(CC(C)C)C(=O)NC(CC3CCNC3=O)C(=O)COP(=O)(O)O)cc12,,,,,0.9684829485539351,2.7134905430939424,-0.505845406,0.25527250510330607,2.2810333672477277,-0.442492798,-0.236572006,2.287801729930226,-0.42136079,,,
COc1cccc2[nH]c(C(=O)NC(CC(C)C)C(=O)N[C@H](C#N)CC3CCNC3=O)cc12,,,,,,,,,,,-0.040958608,1.5943925503754266,,,,
CC(C)C(NS(C)(=O)=O)C(=O)N1C[C@H]2C(C1C(=O)NC(CC1CCNC1=O)C(=O)c1nc3ccccc3s1)C2(C)C,,,,,,,,,,,0.2304489213782739,1.6324572921847242,,,,
CC(C)C(NC(=O)C(F)(F)F)C(=O)N1C[C@H]2C(C1C(=O)NC(CC1CCNC1=O)C(=O)c1nc3ccccc3s1)C2(C)C,,,,,,,,-0.236572006,1.414973347970818,,0.3424226808222063,1.4913616938342726,,,,
C[C@](O)(CN1CC2CCC(C1)N2c1ccc(C#N)cc1)C(=O)Nc1ccc(C#N)c(C(F)(F)F)c1,,,,,,,,,,,,,,0.42160392686983106,1.0413926851582251,
C[C@](O)(CN1CC2CCC(C1)N2c1ccc(C#N)cc1F)C(=O)Nc1ccc(C#N)c(C(F)(F)F)c1,,,,,,,,,,,,,,0.49692964807321494,1.2329961103921538,
C[C@](O)(CN1CC2CCC(C1)N2c1ccc(C#N)cc1)C(=O)Nc1cnc(C#N)c(C(F)(F)F)c1,,,,,,,,,,,,,,0.3074960379132129,1.1205739312058498,
C[C@](O)(CN1CC2CCC(C1)N2c1ccc(C#N)cc1)C(=O)Nc1ccc(C#N)c(Cl)c1,,,,,,,,,,,,,,0.27184160653649897,0.8506462351830665,
C[C@](O)(CN1CC2CCC(C1)N2c1ccc(C#N)cc1)C(=O)Nc1cnc(C#N)c(Cl)c1,,,,,,,,,,,,,,0.15228834438305647,1.209515014542631,
CC(C)COC(=O)C(C)N[P@](=O)(OC[C@H]1O[C@@](C#N)(c2ccc3c(N)ncnn23)[C@H](O)[C@@H]1O)Oc1ccccc1,,,,,,,,,,,,,,1.5705429398818975,2.721563318357481,
CC(C)OC(=O)C(C)N[P@](=O)(OC[C@H]1O[C@@](C#N)(c2ccc3c(N)ncnn23)[C@H](O)[C@@H]1O)Oc1ccccc1,,,,,,,,,,,,,,1.2253092817258628,2.2711443179490782,
CN1N=C2CCN(C(=O)C(COCc3ccccc3)NC(=O)C(C)(C)N)C[C@@]2(Cc2ccccc2)C1=O,,,,,,,,,,,1.2065560440990295,1.8504624327615167,,,,
CC(C)(N)C(=O)NC(COCc1ccccc1)C(=O)N1CCC2=NN(C3CC3)C(=O)[C@]2(Cc2ccccc2)C1,,,-0.515700161,,0.45939248775923086,1.5435714239623655,-0.359518563,0.37291200297010657,1.5431985856376467,-0.267204302,0.42324587393680785,1.461348433647983,-0.485452247,0.46834733041215726,2.091737282991661,-0.42136079
CC(C)(N)C(=O)NC(COCc1ccccc1)C(=O)N1CCC2=NOC(=O)[C@]2(Cc2ccccc2)C1,,,,,,,,,,,1.3579348470004537,2.228194969963351,,,,
CC(C)(N)C(=O)NC(COCc1ccccc1)C(=O)N1CCC2=NN(C3CC3)C(=O)[C@]2(Cc2ccccn2)C1,,,,,,,,,,,0.5185139398778874,1.6816029987308685,,,,
C[C@@H](N[C@H]1CCN(c2ccc(CC(=O)O)cc2)C1)c1cccc2ccccc12,,,,,,,,,,,-0.228412519,0.22271647114758325,,,,
Cc1ccc(N2CC(CN[C@H](C)c3cccc4ccccc34)Oc3ccccc32)cc1C(=O)O,,,,,,,,,,,0,0.6989700043360189,,,,
Cc1ccc([C@@H]2C[C@H](CN[C@H](C)c3cccc4ccccc34)Oc3ccccc32)cc1C(=O)O,,,,,-0.15490196,0.3010299956639812,,1.3010299956639813,2.1789769472931693,,0,0.6020599913279624,,-0.22184875,0.414973347970818,
COC(=O)[C@]1(Cc2ccc(O)c(CC=C(C)C)c2)OC(=O)C(=O)C1c1ccc(O)cc1,,,,,,,,,,,,,,,,
CC(=O)[C@]1(Cc2ccc(O)c(CC=C(C)C)c2)OC(=O)C(=O)C1c1ccc(O)cc1,,,,,,,,,,,,1.6532125137753437,,,,
COc1cc(CC(=O)N2CCC(NC(=O)NCc3ccc(OC(F)(F)F)cc3)CC2)cc(OC)c1,,,,,,,,,,,0.14301480025409505,1.5888317255942073,,,,
COc1ccncc1C(=O)N1CCN(c2ccc(Cl)c(Cl)c2)C(C(=O)NCc2cccs2)C1,,,,,,,,,,,0.3222192947339193,1.8887409606828927,,,,
COc1ccc(NC(=O)C2CN(C(=O)c3cnccc3OC)CCN2c2ccc(Cl)c(Cl)c2)cc1,,,,,,,,,,,0.4471580313422192,1.8597385661971468,,,,
C=C[C@]1(C)C[C@@H](OC(=O)CSc2nc3c[n+](-c4ccc(C)cc4)ccc3[nH]2)[C@]2(C)[C@H](C)CC[C@]3(CCC(=O)[C@H]32)[C@@H](C)[C@@H]1O,,,,,,,,,,,-0.292429824,0.7024305364455253,,,,
CC(=O)N[C@H]1[C@H](Oc2cccc(C(F)(F)F)c2-c2ccc(F)c(F)c2)O[C@H](CO)[C@H](O)[C@@H]1O,,,,,,,,,,,,,,0.3783979009481377,1.4471580313422192,
CC(=O)N[C@H]1[C@H](Oc2cccc(C(F)(F)F)c2-c2ccc(F)cc2)O[C@H](CO)[C@H](O)[C@@H]1O,,,,,,,,,,,,,,0.15228834438305647,1.1335389083702174,
CC(C)(C)C(NC(=O)C(Cc1ccncc1)NC(=O)CNC(=O)CCC(NS(=O)(=O)c1ccc(Cl)c(C(F)(F)F)c1)C(=O)O)C(=O)N1CCC[C@H]1CC(N)=O,,,,,,,,-0.552841969,1.3891660843645324,,0.037426497940623665,1.9319661147281726,,,,
CC(C)(C)C(NC(=O)C(Cc1ccncc1)NC(=O)CNC(=O)CCC(NS(=O)(=O)c1ccc(Cl)c(C(F)(F)F)c1)C(=O)O)C(=O)Nc1ccc(C(=O)O)cc1,,,,,,,,-0.449771647,1.462397997898956,,,,,0.3944516808262163,2.3010299956639813,
Cn1cc(-c2cnc(N)c(C(=O)N[C@H]3CCC[C@@H]3OCc3ccc(-c4ccc(C(C)(C)N5CCN(CCO)CC5)cc4)cc3)c2)cn1,,,,,,,,,,,,,,0.28555730900777376,0.8750612633917001,
Cn1cc(Nc2ncc(C3CN(C(=O)Nc4ccc(-c5ccccc5)cc4)C3)nc2C(N)=O)cn1,,,,,,,,,,,,,,-0.301029996,1.3222192947339193,
Cn1cc(Nc2ncc(C3CN(c4nc5ccccc5o4)C3)nc2C(N)=O)cn1,,,,,,,,,,,,,,-0.107905397,0.5010592622177514,
CC(C)(C)C(NC(=O)C(F)(F)Cl)C(=O)N1C[C@H]2[C@@H](C1C(=O)N[C@H](C#N)CC1CCNC1=O)[C@H]1C=C[C@@H]2C1,,,-1.107905397,,-0.36251027,0.6364878963533654,,-0.147520006,1.4409090820652177,-1.026872146,0.08990511143939793,1.705007959333336,-0.754487332,,,
CCn1c(=O)c(C)cn(Cc2nnc(-c3ccc(F)c(O)c3F)s2)c1=O,,,,,,,,,,,,,,0.146128035678238,2.041392685158225,-0.647817482
O=C(O)c1ccc(-c2ccc(OCc3c(-c4c(Cl)cccc4Cl)noc3C3CC3)cc2)cc1,,,,,,,,,,,,1.3117538610557542,,,,
COc1cc(OC)cc(-c2cnc3cc(NC(=O)NCc4ccc(OC(F)(F)F)cc4)ccc3c2)c1,,,,,,,,,,,-0.021819483,0.6739419986340878,,,,
CC(C)Oc1ccccc1C(=O)Nc1ccccc1C(=O)Nc1cccc(S(=O)(=O)C(F)(F)F)c1,,,,,,,,,,,0.8864907251724818,1.4771212547196624,,,,
COc1cc(F)c(-c2ccc(C(=O)O)cc2)cc1C(=O)N[C@H]1C(C(=O)Nc2cccc(S(=O)(=O)C(F)(F)F)c2)[C@@H]2C=C[C@H]1C2,,,,,,,,,,,-0.036212173,1.863322860120456,-2.508638306,,,
COc1cc(F)c(OC2CCC(C(=O)O)CC2)cc1C(=O)N[C@H]1C(C(=O)Nc2cccc(S(=O)(=O)C(F)(F)F)c2)[C@@H]2CC[C@H]1C2,,,,,,,,,,,0.2304489213782739,1.8808135922807914,-2,,,
COc1cc(F)c(O[C@H]2CC[C@@](C)(C(=O)O)CC2)cc1C(=O)N[C@H]1C(C(=O)Nc2ccc(F)c(S(F)(F)(F)(F)F)c2)[C@@H]2CC[C@H]1C2,,,,,,,,,,,0.36172783601759284,1.5797835966168101,-2.823908741,,,
COc1cc(F)c(O[C@H]2CC[C@@](C)(C(=O)O)CC2)cc1C(=O)N[C@@H]1C(C(=O)Nc2ccc(F)c(S(F)(F)(F)(F)F)c2)[C@H]2CC[C@@H]1C2,,,,,,,,,,,0.17609125905568124,1.146128035678238,-2.886056648,,,
CC(C)(C)OC(=O)N[C@@]12C[C@@H]3C[C@@H](C[C@@](NCC(=O)N4Cc5cc(F)c(F)cc5C4)(C3)C1)C2,,,,,,,,,,,0.8512583487190752,1.954242509439325,,,,
COc1cc(C(=O)O)cc2sc(N3CCN(Cc4c(-c5c(Cl)cccc5Cl)noc4C4CC4)C[C@H]3C)nc12,,,,,-0.084600165,0.5599066250361125,,,,,1.4668676203541096,1.255272505103306,,-0.27572413,1.2174839442139063,
CC(C)CC(NC(=O)C1COCCCCCC(=O)N2C[C@H](F)CC2C(=O)N1)C(=O)[C@@]1(C)CO1,,,-0.346787486,,,,,,,,,,,0.4099331233312945,1.8505237088789943,
COCCCOc1cc2c(cc1Cl)-c1cc(=O)c(C(=O)O)cn1[C@H](C(C)C)CO2,,,-0.853871964,,0,1,,,,,,0.505149978319906,,,1.3010299956639813,-0.698970004
CCc1cc2c(cc1OCCCOC)OC[C@@H](C(C)C)n1cc(C(=O)O)c(=O)cc1-2,,,,,,,,,,,,1.1760912590556813,,,1.3222192947339193,
COCCCOc1cc2c(cc1C1CC1)-c1cc(=O)c(C(=O)O)cn1[C@H](C(C)C)CO2,,,,,,,,,,,,0.7323937598229685,,,1.146128035678238,
COCCCOc1cc2c(nc1OC)-c1cc(=O)c(C(=O)O)cn1[C@H](C(C)C)C2,,,-0.301029996,,-0.096910013,0.7323937598229685,,,,,-0.15490196,0.9822712330395684,,0.17609125905568124,1.4771212547196624,-0.337242168
COCCCOc1cc2c(nc1OC)-c1cc(=O)c(C(=O)O)cn1[C@](C)(C(C)C)C2,,,,,,,,,,,0.43136376415898736,1.3424226808222062,,0.6020599913279624,1.7403626894942439,
COCCCOc1cc2c(nc1OC)-c1cc(=O)c(C(=O)O)cn1[C@](C)(C(C)(C)C)C2,,,,,,,,,,,0.4913616938342727,1.6020599913279623,,0.6020599913279624,1.462397997898956,
C=CC(=O)Nc1cc(Nc2ncc(C(=O)OC(C)C)c(-c3cn(C)c4ccccc34)n2)c(OC)cc1N(C)CCN(C)C,,,,,,1.0492180226701815,-1.951558196,,,,,1.7363965022766426,-1.654234307,,1.2265999052073575,-1.930701988
Cc1cc(C(=O)Nc2nc3cccc(Cl)c3n2[C@@H]2CCCCN(C(=O)/C=C/CN(C)C)C2)ccn1,,,,,,1.5440680443502757,-0.644605955,,,,,1.1958996524092338,-0.917322319,,1.4994121256722754,-1.057991947
CCOc1cc2ncc(C#N)c(Nc3ccc(OCc4ccccn4)c(Cl)c3)c2cc1NC(=O)/C=C/CN(C)C,,,,,,1.505149978319906,-1.911155437,,1.3424226808222062,-2.142667504,,0.9138138523837167,-2.510041521,,1.8562454007900542,-2.568636236
C=CC(=O)Nc1cccc(Oc2nc(Nc3ccc(N4CCN(C)CC4)cc3)nc3ccsc23)c1,,,,,,,,,,,,1.8788089323592057,-2.001740662,,1.8453461374114086,-1.924453039
C=CC(=O)N1CCC(c2ccc(C(N)=O)c(-c3ccc(Oc4ccccc4)cc3)n2)CC1,,,,,,,,,,,,1.4312028845565166,-1.126970188,,1.6060587494103145,-0.906053276
C=CC(=O)N1CCN(CCCn2c(=O)c(-c3c(Cl)c(OC)cc(OC)c3Cl)cc3cnc(NC)nc32)CC1,,,,,,2.0681858617461617,-0.970088895,,1.6324572921847242,-0.988006885,,2.2041199826559246,-1.306888885,,1.4726101975960446,-1.499351937
C=CC(=O)N1C[C@H](Nc2ncnc3[nH]ccc23)CC[C@@H]1C,-0.091514981,1.0199466816788423,-0.166852888,,,0.9344984512435677,-0.208309351,,1.6232492903979006,-0.187534532,,1.724275869600789,-0.301612341,,1.6812412373755872,-0.494850022
CC(C)(/C=C(\C#N)C(=O)N1CCC[C@@H](n2nc(-c3ccc(Oc4ccccc4)cc3F)c3c(N)ncnc32)C1)N1CCN(C2COC2)CC1,,1.1408221801093106,-1.728158393,,,,,,,,,1.8195439355418688,-1.651695137,,,
C=CC(=O)Nc1cccc(Nc2nc(Nc3ccc(N4CCN(C(C)=O)CC4)cc3OC)ncc2C(F)(F)F)c1,,,,,,1.0969100130080565,-1.642636969,,,,,1.0277572046905534,-1.988429556,,1.6844862921887342,-2.053056729
C=CC(=O)Nc1cccc(Nc2nc(Nc3ccc(OCCOC)cc3)ncc2F)c1,,,,,,,,,,,,2.214843848047698,-1.959002308,,,
CC#CC(=O)N1CC[C@@H](n2c(=O)n(-c3ccc(Oc4ccccc4)cc3)c3c(N)ncnc32)C1,,,,,,0.9637878273455552,-0.895069261,,,,,1.7226339225338123,-1.089375595,,1.249931756634195,-1.264960295
C=CC(=O)N1CCC[C@@H](n2c(=O)n(-c3ccc(Oc4ccccc4)cc3)c3c(N)nccc32)C1,,,,,,,,,,,,1.4991369945373827,-1.327902142,,1.4466924663715273,-1.106515654
C=CC(=O)Nc1cccc(Oc2nc(Nc3ccc(N4CCN(C)CC4)cc3OC)ncc2Cl)c1,,,,,,,,,,,,1.6917885244026984,-1.64244628,,1.8260748027008264,-2.195179321
Cc1cc(-c2nc(Cl)cn2C[C@@H]2CCCOC2)cn(C)c1=O,,,,,-0.045757491,0.6989700043360189,-0.173925197,,,,0.07918124604762482,1.4471580313422192,-0.148741651,,,
Cc1cc(-c2nc(Cl)cn2CC2CCOCC2)cn(C)c1=O,,,,,-0.096910013,0.47712125471966244,-0.13076828,,,,0.17609125905568124,1.2787536009528289,-0.055517328,,,
CC(=O)N1CCC[C@@H](Cn2cc(Cl)nc2-c2cc(C)c(=O)n(C)c2)C1,,,,,,,,,,,-0.045757491,1.6989700043360187,-0.102372909,,,
CC#CC(=O)N1CCC[C@H]1c1nc(-c2ccc(C(=O)Nc3ccccn3)cc2)c2c(N)nccn12,-0.30980392,0.9722028383790645,-1.602059991,,,,,,,,,,,,,
C=CC(=O)Nc1cc2c(Nc3ccc(F)c(Cl)c3)ncnc2cc1OCCCN1CCOCC1,0.7708520116421442,1.2886962605902559,-1.4710833,,,,,,,,,,,,,
C=C(C)[C@@H]1CC[C@]2(NCCC3(O)COC3)CC[C@]3(C)[C@H](CC[C@@H]4[C@@]5(C)CC=C(C6=CC[C@](CF)(C(=O)O)CC6)C(C)(C)[C@@H]5CC[C@]43C)[C@@H]12,,,-0.920818754,,,,,,,,0,0.8129133566428556,,,,
C=C(C)[C@@H]1CC[C@]2(NCC[C@]3(O)CC[C@](C)(O)CC3)CC[C@]3(C)[C@H](CC[C@@H]4[C@@]5(C)CC=C(C6=CC[C@](CF)(C(=O)O)CC6)C(C)(C)[C@@H]5CC[C@]43C)[C@@H]12,,,-0.958607315,,,,,,,,-0.096910013,0.568201724066995,,,,
C=C(C)[C@@H]1CC[C@]2(NCC[C@]3(O)CC[C@@H](S(C)(=O)=O)CC3)CC[C@]3(C)[C@H](CC[C@@H]4[C@@]5(C)CC=C(C6=CC[C@](CF)(C(=O)O)CC6)C(C)(C)[C@@H]5CC[C@]43C)[C@@H]12,,,-0.958607315,,-0.508638306,-0.420216403,,,,,-0.096910013,0.5440680443502757,,,,
C=C(C)[C@@H]1CC[C@]2(NCCN3CCS(=O)(=O)CC3)CC[C@]3(C)[C@H](CC[C@@H]4[C@@]5(C)CC=C(C6=CC[C@@](CF)(C(=O)O)CC6)C(C)(C)[C@@H]5CC[C@]43C)[C@@H]12,,,-0.853871964,,,,,,,,0.25527250510330607,0.8129133566428556,,,,
O=C(Nc1ccc(Cl)c(Cl)c1)c1ccc(N2CCNCC2)c([N+](=O)[O-])c1,,,,,,,,,,,,,,0.9684829485539351,1.6317480743965693,
O=C1CCC(N2Cc3cc(C4CCN(C[C@H]5CC[C@H](NC(=O)C6NC7(CCCCC7)[C@@]7(C(=O)Nc8cc(Cl)ccc87)[C@H]6c6cccc(Cl)c6F)CC5)CC4)ccc3C2=O)C(=O)N1,,,,,,,,,,,,,,0.43136376415898736,0.8129133566428556,
Cn1nc(C2CCC(=O)NC2=O)c2ccc(C3CCN(C[C@H]4CC[C@H](NC(=O)C5NC6(CCCCC6)[C@@]6(C(=O)Nc7cc(Cl)ccc76)[C@H]5c5cccc(Cl)c5F)CC4)CC3)cc21,,,,,,,,,,,,,,0.6627578316815741,0.5185139398778874,
Cn1nc(C2CCC(=O)NC2=O)c2ccc(C3CCN(C[C@H]4C[C@H](NC(=O)C5NC6(CCCCC6)[C@@]6(C(=O)Nc7cc(Cl)ccc76)[C@H]5c5cccc(Cl)c5F)C4)CC3)cc21,,,,,,,,,,,,,,0.6627578316815741,1.0293837776852097,
Cn1nc(C2CCC(=O)NC2=O)c2ccc(N3CCC4(CCC(NC(=O)C5NC6(CCCCC6)[C@@]6(C(=O)Nc7cc(Cl)ccc76)[C@H]5c5cccc(Cl)c5F)CC4)CC3)cc21,,,,,,,,,,,,,,-0.22184875,0.2787536009528289,
Cn1nc(C2CCC(=O)NC2=O)c2ccc(N3CCC4(CC3)CC(NC(=O)C3NC5(CCCCC5)[C@@]5(C(=O)Nc6cc(Cl)ccc65)[C@H]3c3cccc(Cl)c3F)C4)cc21,,,,,,,,,,,,,,-0.15490196,0,
Cn1nc(C2CCC(=O)NC2=O)c2ccc(N3CCN(C[C@H]4CC[C@H](NC(=O)C5NC6(CCCCC6)[C@@]6(C(=O)Nc7cc(Cl)ccc76)[C@H]5c5cccc(Cl)c5F)CC4)CC3)cc21,,,,,,,,,,,,,,-0.045757491,-0.22184875,
COc1cc(OCc2nc(N3CCOCC3)sc2C)c2cc(-c3cn4nc(OC)sc4n3)oc2c1,,,-3,,0.7708520116421442,0.6127838567197355,,1.0413926851582251,1.2787536009528289,-2.698970004,0.146128035678238,0.414973347970818,,,,
COc1cc(OCc2csc(-c3ccc(C(=O)N(C)C)cc3)n2)c2cc(-c3cn4nc(OC)sc4n3)oc2c1,,,-2.698970004,,0.43136376415898736,0.9294189257142927,-2.522878745,1.146128035678238,1.0791812460476249,-2.522878745,0.43136376415898736,1.1553360374650619,-2.698970004,,,
O=C(/C=C/c1ccccc1F)Nc1ccc2[nH]ccc2c1,,,,,,,,,,,,,,-0.060480747,1.734799829588847,
O=S(=O)(NCCN1CCNCC1)c1ccc(NC2CCCCC2)c(NCc2ccccc2)c1,,,,,,,,,,,,,,0.9339931638312423,1.6560982020128319,
Nc1cc(-c2cnco2)ccc1NC1CCC1,,,,,,,,,,,,,,0.47856649559384334,1.6875289612146342,
Nc1cc(-c2cnco2)ccc1NC1CCCCC1,,,,,,,,,,,,,,0.14921911265537988,1.2479732663618066,
CN1CCC[C@@H](Nc2nnc(-c3ccc(C(F)(F)F)cc3O)c3c2CCC3)C1,,,,,,,,,,,1.1139433523068367,0.7923916894982539,,1.2304489213782739,1.3222192947339193,
CN1CCC[C@@H](Nc2nnc(-c3ccc(C(F)(F)F)cc3O)n3ccnc23)C1,,,,,,,,,,,0.6334684555795865,0.9684829485539351,,0.3010299956639812,0.7634279935629372,
CN1CCC[C@@H](N(C)c2nnc(-c3ccc(C(F)(F)F)cc3O)n3ccnc23)C1,,,,,,,,,,,,,,0.6812412373755872,1.7708520116421442,
O=C1CN(CCOc2ccc(-c3ccc(C(F)(F)F)cc3)cc2)CCN1Cc1ncccn1,,,,,,,,,,,,,,,0.43136376415898736,
O=C1CN(CCOc2ccc(-c3cccc(C(F)(F)F)c3)cc2)CCN1Cc1ncccn1,,,,,,,,,,,,,,,1.0791812460476249,
CCOc1cc(-n2c(-c3ccc(-n4ccnc4)cc3)cc3ccc(C(=O)OC)cc32)ccc1C(N)=O,,,,,,,,,,,,1.321184027302314,-2.698970004,,1.6270584640009895,
CCOc1cc(-n2c(-c3ccc(-n4ccnc4)cc3)cc3ccc(C(=O)O)cc32)ccc1C(N)=O,,,,,,,,,,,,1.6854730197227592,-1.886056648,,1.8515640822634885,
Cc1ccc(S(=O)(=O)Nc2c(N[C@H]3CC[C@H](NC(=O)N[C@@]45C[C@@H]6C[C@@](C)(C[C@@](C)(C6)C4)C5)CC3)c(=O)c2=O)cc1,,,,,,,,,,,0.9731278535996987,2.0232524596337114,,,,
Cc1ccc(S(=O)(=O)Nc2c(N[C@H]3CC[C@H](NC(=O)Nc4ccc(F)c(Cl)c4)CC3)c(=O)c2=O)cc1,,,,,,,,,,,,2.7132384615456617,,,,
CNC(=O)OC(C(=O)O)c1ccc(F)c(-c2ccc(OC)c(C(=O)N[C@H]3C(C(=O)Nc4ccc(F)c(C(F)(F)F)c4)[C@H]4CC[C@@H]3/C4=C\C3CC3)c2)c1,,,,,,,,,,,-1.045757491,0.3979400086720376,,,,
Cc1cc(N2C[C@H](CNC(=O)c3ccc(Cl)s3)OC2=O)cc(C)c1-n1cccc(CCN[C@H]2CC[C@@H](O)CC2)c1=O,,,,,-0.15490196,1.4265112613645752,,,,,-0.236572006,1.7781512503836436,,,,
Cc1c(N2CCCC2=O)cccc1S(=O)(=O)NC(CNC(=O)c1ccc(Cl)s1)C(=O)OCCS(C)(=O)=O,,,,,-0.075720714,1.7902851640332418,,,,,,,,,,
CN(C)[C@H]1CCCN(c2cccc(S(=O)(=O)NC(CNC(=O)c3ccc(Cl)s3)C(=O)OCC[S@+](C)[O-])c2)C1,,,,,-0.259637311,1.4771212547196624,,,,,,,,,,
CCc1c(N2CCC(O)C2=O)cccc1S(=O)(=O)NC(CNC(=O)c1ccc(Cl)s1)C(=O)OCCc1nccn1C,,,,,-0.244125144,1.5440680443502757,,,,,,,,,,
C=C(F)C(=O)Nc1ccc(-c2c(-c3ccc(Oc4nccc(C)n4)cc3)c(C(N)=O)c3cnc(C)cn23)cc1,,,-0.649751982,,0.414973347970818,1.5563025007672873,-1.698970004,,,,0.3010299956639812,1.5327543789924978,-0.616184634,-0.091514981,1.4712917110589385,-0.563837353
C=C(C)C(=O)Nc1ccc(-c2c(-c3ccc(Oc4nccc(C)n4)c(F)c3)c3c(N)ncnc3n2C)cc1,,,-1.769551079,,0.07918124604762482,1.3961993470957363,-0.966576245,,,,-0.080921908,1.7737864449811935,-1.522878745,-0.366531544,0.5440680443502757,-1.552841969
C=C(F)C(=O)Nc1ccc(-c2c(-c3ccc(Oc4nccc(C)n4)cc3)c(C(N)=O)c3cnc(C)cn23)c(F)c1,,,-2.397940009,,,,-1.30980392,,,,,,-1.769551079,,1.4638929889859074,-1.886056648
C=CC(=O)N1CCc2c(ncnc2N2CC[C@@H](Nc3ncc(Cl)c(OC)n3)C2)C1,,,-0.896196279,,,,,,,,,,,-0.060480747,1.9365137424788934,-1.124938737
CC#CC(=O)N1CCc2c(ncnc2N2CC[C@@H](Nc3ncc(Cl)c(OC)n3)C2)C1,,,,,,,,,,,,,,-0.455931956,2.2533380053261065,
C=CC(=O)Nc1ccc(C(=O)N2CC[C@@H](Nc3ncc(Cl)c(OC)n3)C2)cc1,,,-2.522878745,,,,,,,,-0.142667504,1.795184589682424,,-0.180456064,2.4122925093230463,-1.420216403
COc1nc(-c2cc(-c3cnn(C)c3)cnc2N)cc2c1C(=O)N(CC(F)(F)F)CC2,,,-2.301029996,,,,,,,,,,,0.38021124171160603,1.7007037171450194,-0.958607315
CC1(C)CNC(=O)c2ccc(-c3ccnc(Nc4cccc(CS(N)(=O)=O)c4)n3)cc21,,,,,,,,,,,-0.337242168,1.7520484478194385,,,,
COc1cc(F)ccc1-c1cc(Nc2cc(C[S@@](C)(=N)=O)ccn2)ncc1F,,,,,,,,,,,0.045322978786657475,1.146128035678238,,,,
Cc1c(-c2ccc3c(=O)[nH]c4cc(C(C)(C)O)ccc4n23)cccc1-n1c(=O)[nH]c2c(F)cccc2c1=O,,,,,,,,,,,,1.5998830720736879,,,,
CC(C)(O)c1ccc2c(c1)[nH]c(=O)c1ccc(-c3cccc(-n4c(=O)[nH]c5c(F)cccc5c4=O)c3F)n12,,,,,,,,,,,,1.5211380837040362,,,,
CN(C)C(=O)c1ccc(-c2[nH]nc3ncc(-c4ccc5c(c4)CC[C@@H](N4C6COCC4C6)CC5)cc23)cc1,,,,,0.9084850188786497,1.5224442335063197,,1.1139433523068367,1.884795363948981,,-0.468521083,0.43136376415898736,,0.505149978319906,1.5831987739686226,
O=C1OCCN1c1ccc(-c2[nH]nc3ncc(-c4ccc5c(c4)CC[C@@H](N4C6COCC4C6)CC5)cc23)cc1,,,,,,,,,,,0.17609125905568124,0.9138138523837167,,,,
c1cc2c(cc1-c1cnc3[nH]nc(-c4ccc(N5C[C@H]6C[C@@H]5CO6)cc4)c3c1)CC[C@@H](N1C3COCC1C3)CC2,,,,,,,,,,,0.7993405494535817,1.5831987739686226,,,,
COCCOc1ccc(-c2[nH]nc3ncc(-c4ccc5c(c4)CC[C@@H](N4C6COCC4C6)CC5)cc23)cc1,,,,,,,,,,,0.7558748556724915,1.1760912590556813,,,,
Cc1cccnc1-c1ccc(-c2[nH]nc3ncc(-c4ccc5c(c4)CC[C@@H](N4C6COCC4C6)CC5)cc23)cc1,,,,,1.414973347970818,1.3979400086720377,,0.8195439355418687,0.8344207036815325,,0,0.43136376415898736,,0.47712125471966244,0.724275869600789,
Cc1cccnc1-c1ccc(-c2c[nH]c3ncc(-c4ccc5c(c4)CC[C@@H](N4C6COCC4C6)CC5)cc23)cc1,,,,,1.2041199826559248,1.0718820073061255,,0.7160033436347992,0.6693168805661122,,0.2787536009528289,0.43136376415898736,,0.4471580313422192,0.5224442335063199,
Cc1cccnc1-c1ccc(-c2[nH]nc3ncc(-c4ccc5c(c4)CC[C@@H](N4C6COCC4C6)CC5)cc23)nc1,,,,,1.4471580313422192,1.3979400086720377,,1,1.1027766148834413,,0.38021124171160603,1.0346284566253203,,0.6532125137753437,0.9459607035775686,
CC(C)(C)c1ccc(NC(=O)NCCCN(CCCN2CCOCC2)CC2(O)CCN(c3nc(Cl)nc4sccc34)C2)cc1,,,,,,,,,,,1.1580607939366052,1.7417816961431667,,,,
COCn1cc(-n2nc(C(=O)Nc3ccccc3C(=O)O)c3c2C(=O)N(c2ccccc2)CC3)cn1,,,,,,,,,,,1.7598943740254993,1.4923412532549745,,,,
CCNNC(=O)c1cc(F)c(CN2c3ccccc3C=Cc3ccncc32)cc1F,,,,,,,,,,,,,,-0.200659451,1.4199557484897578,
CCNNC(=O)c1ccc(CN2c3ccccc3C=Cc3ccncc32)cc1,,,,,,,,,,,,,,0.5453071164658241,1.4857214264815801,
O=C(c1cnc(N2CC[C@H](O)C2)s1)N1CCC2(CCOCC2)C1,,,,,,,,,,,,1.4320066872695982,,,,
Cc1sc2c(c1C)C(c1ccc(Cl)cc1)=N[C@@H](CC(=O)N1CCC(CN3CCN(c4ccc(C5CCC(=O)NC5=O)cc4)CC3)CC1)c1nnc(C)n1-2,,,,,,,,,,,,,,-0.070581074,0.9469432706978255,
Cc1ccc(-c2nc3ccccc3s2)cc1NC(=O)c1cc([N+](=O)[O-])c(N2CCN(C)CC2)cc1Cl,,,-2.698970004,,,,,,,,0.24797326636180664,0.6364878963533654,-2.15490196,,,-2.045757491
CC(C)(O)c1cc(C(F)(F)F)ncc1-c1ccc(C2(C(=O)Nc3ccc(F)cc3)COC2)cc1,,,,,,0,-1.48148606,,,,,1.0253058652647702,-1.113509275,,,
Cc1ccccc1CN1C(=O)C2=C(CCN(Cc3ccccc3)C2)N2CCN=C12,,,,,,,,,,,,1.6304278750250238,,,,
N#Cc1cccc(CN2CCC=C(C(=O)NCc3ccc(C(F)(F)F)cc3)C2)c1,,,,,,,,,,,,0.3364597338485295,,,,
CCN(CC)c1ccc(C(NC(=O)C(C)C)c2ccc3cccnc3c2O)cc1,,,,,,,,,,,0.6766936096248666,-0.292429824,,,,
CC(=O)NC(C(=O)N1C[C@H](O)CC1C(=O)N[C@@H](C)c1ccc(-c2scnc2C)cc1)C(C)(C)C,,,-0.287350298,,,,,,,,,,,-0.045757491,1.7611758131557314,-0.399027104
Cc1ncsc1-c1ccc2c(c1)CCCC[C@@H]2NC(=O)C1C[C@@H](O)CN1C(=O)C(n1cc(C2CC2)nn1)C(C)(C)C,,,-2.522878745,,,,,,,,,,,-0.15490196,1.1433271299920464,-2.522878745
C[C@]12C[C@@H]3C[C@](C)(C1)C[C@@](NC(=O)Nc1ccc(C(=O)NCCCCCCC(O)=NO)cc1)(C3)C2,,,,,,,,,,,-0.366531544,0.5440680443502757,-0.730487056,,,
Cn1c(Cn2ccc(C(F)(F)F)c(Oc3cc(Cl)cc(-c4ccc(Br)cc4)c3)c2=O)n[nH]c1=O,,,,,,,,,,,,2.416640507338281,,,,
C=CC(=O)N[C@H]1CCC[C@H]1NC(O)=c1sc2nccc3c2c1nc(=O)n3-c1cnc(CC(C)C)cc1C,,,-1.508638306,,-0.096910013,1.0413926851582251,-1.200659451,-0.15490196,0.4913616938342727,-1.494850022,0.2787536009528289,1.7403626894942439,-1.431798276,,,
CC(C)NCC(C(=O)N1CCN(c2ncnc3c2[C@H](C)CC(=O)N3)CC1)c1ccc(Cl)cc1,,,-0.312471039,,,,,,,,,,,,2.250420002308894,
CC(C)NCC(C(=O)N1CCN(c2ncnc3c2[C@H](C)CC(=O)N3)[C@H]2C[C@H]21)c1ccc(Cl)cc1,,,-0.468521083,,,,,0.9222062774390164,,,0.8898617212581884,,,0.8830933585756899,1.3463529744506386,-0.610833916
CC(C)NCC(C(=O)N1CCN(c2ncnc3c2[C@H](C)C[C@H]3O)CC1)c1ccc(Cl)cc1,,,-0.131943638,,,,,,,,,,,0.9047155452786809,1.8549130223078556,-0.183096161
CC(C)NCC(C(=O)N1CCN(c2ncnc3c2[C@H](C)OC(=O)N3)[C@H]2C[C@H]21)c1ccc(Cl)cc1,,,-0.473660723,,,,,,,,,,,0.6655809910179531,1.2253092817258628,-0.707743929
CCCCCC[n+]1ccn(-c2ccc(C#Cc3ccc(-n4cc[n+](CCCCCC)c4)cc3)cc2)c1,,,,,,,,,,,,1.4345689040341987,,,,
OC[C@H]1O[C@@H](S[C@@H]2O[C@H](CO)[C@H](O)[C@H](n3cc(-c4cccc(F)c4)nn3)[C@H]2O)[C@H](O)[C@@H](n2cc(-c3cccc(F)c3)nn2)[C@H]1O,,,,,,,,,,,,,,,1.3424226808222062,
N#Cc1ccc(S[C@H]2O[C@H](CO)[C@H](O)[C@H](n3cc(-c4cc(F)c(F)c(F)c4)nn3)[C@H]2O)cc1Cl,,,-2.096910013,,,,,,,,,,,-0.045757491,0.5910646070264992,-1.886056648
COCCCNC(=O)c1ccc(Cn2c(SCC3CCCCC3)nc3ccncc32)cc1,,,,,,,,,,,,1.6551384348113822,,,,
O=C(c1ccc(Cn2c(SCC3CCCCC3)nc3ccncc32)cc1)N1CCNCC1,,,,,,,,,,,,1.711807229041191,,,,
CC1(C)CC[C@]2(C(=O)OCCCCOC(=O)c3ccc(OCc4ccc(B5OC(C)(C)C(C)(C)O5)cc4)cc3)CC[C@]3(C)C(C(=O)C=C4[C@@]5(C)C=C(C#N)C(=O)C(C)(C)[C@@H]5CC[C@]43C)[C@@H]2C1,,,,,,,,,,,,1.1583624920952498,,,,
Cc1nc(C(=O)NCc2cccnc2)cnc1OCS(=O)(=O)c1cccc(Cl)c1,,,,,,,,,,,-0.22184875,1.6830470382388496,-1.236572006,,,
O=C(NC1(c2cnccn2)CC1)c1cnc(OCC(F)(F)c2cccc(Cl)c2)cn1,,,,,,,,,,,0.8920946026904804,1.8142475957319202,-1.769551079,,,
Cc1nc(C(=O)NCc2cccnc2)cnc1OCC(F)(F)c1cc(Cl)ccn1,,,,,,,,,,,0,1.615950051656401,-1.48148606,,,
COc1ccc2c(c1OC)C(=O)O[C@@H]2[C@H]1c2c(c(Br)c3c(c2OC)OCO3)CCN1C(F)(F)F,,,,,,,,,,,0.8344207036815325,1.8621313793130372,,,,
CCCCCCCCCCCCCCCCSCCCOP(=O)(O)CO[C@H](C)Cn1cnc2c(N)ncnc21,,,,,,,,,,,,,,1.276461804173244,2.167317334748176,
C[C@H](Cn1cnc2c(N)ncnc21)OCP(=O)(O)OCCCSCCCCCCCCCCCCC1CCCCC1,,,,,,,,,,,,,,0.9527924430440922,1.9334872878487055,
CC[C@@H](NC(=O)c1cn(-c2ccc(F)cc2F)c2nc(N3C[C@@H](O)CC3=O)ccc2c1=O)C(F)(F)F,,,,,,,,,,,-0.096910013,1.4265112613645752,-2.096910013,,,
CC[C@@H](NC(=O)c1cn(-c2c(F)cccc2F)c2nc(N3C[C@@H](O)CC3=O)ccc2c1=O)C(F)(F)F,,,-1.638272164,,,,,,,,0.2304489213782739,1.3364597338485296,-2.045757491,,,
CC[C@@H](NC(=O)c1cn(-c2c(F)cc(F)cc2F)c2nc(N3C[C@@H](O)CC3=O)ccc2c1=O)C(F)(F)F,,,,,,,,,,,0.36172783601759284,1.7535830588929067,,,,
CC[C@H](NC(=O)c1cn(-c2c(F)cc(F)cc2F)c2nc(N3C[C@@H](O)CC3=O)ccc2c1=O)C(F)(F)F,,,-1.522878745,,,,,,,,0.5440680443502757,1.3010299956639813,-1.698970004,,,
CC[C@H](NC(=O)c1cn(-c2c(F)cc(F)cc2F)c2nc(N3C[C@@H](O)[C@H](O)C3)ccc2c1=O)C(F)(F)F,,,,,,,,,,,0.5440680443502757,1.3979400086720377,,,,
O=C(N[C@@H](C1CC1)C(F)(F)F)c1cn(-c2c(F)cc(F)cc2F)c2nc(N3C[C@@H](O)[C@H](O)C3)ccc2c1=O,,,-1.48148606,,,,,,,,0.568201724066995,1.1760912590556813,-1.602059991,,,
CC[C@H](NC(=O)c1cn(-c2c(F)cc(F)cc2F)c2nc(N3C[C@@H](O)[C@H](O)C3)ccc2c1=O)C(F)(F)C(F)(F)F,,,-1.744727495,,,,,,,,0.07918124604762482,0.919078092376074,-1.886056648,,,
C[C@H](NC(=O)c1cn(-c2c(F)cc(F)cc2F)c2nc(N3C[C@@H](O)[C@H](O)C3)ccc2c1=O)C(F)(F)C(F)(F)F,,,,,,,,,,,0.3979400086720376,1.0681858617461617,,,,
CC[C@H](NC(=O)c1cn(-c2c(F)cc(F)cc2F)c2nc(N3C[C@@H](O)[C@H](O)C3)c(F)cc2c1=O)C(F)(F)C(F)(F)F,,,,,,,,,,,0.47712125471966244,1.3673559210260189,-2.22184875,,,
C[C@H](NC(=O)c1cn(-c2c(F)cc(F)cc2F)c2nc(N3C[C@@H](O)[C@H](O)C3)c(F)cc2c1=O)C(F)(F)C(F)(F)F,,,-1.508638306,,0.414973347970818,0.5797835966168101,,0.2041199826559248,0.17609125905568124,,0.3979400086720376,0.7634279935629372,-1.677780705,,,
CC(C)(C)NS(=O)(=O)c1cccc(NC(=O)c2ccc(NC3(CO)CC3)nc2N2CCC3(CC2)CC3)c1,,,,,,,,,,,,,,-0.522878745,0.6989700043360189,-1.958607315
CC(C)(C)NS(=O)(=O)c1cccc(NC(=O)c2ncc(NC(C)(C)CO)nc2N2CCC3(CC2)CC3)c1,,,,,,,,,,,,,,-0.15490196,0.6989700043360189,-1.721246399
CC(C)(C)NS(=O)(=O)c1cccc(NC(=O)c2ncc(NC(C)(C)CO)nc2N2CCC3(CC2)CC3)n1,,,,,,,,,,,,,,0.3010299956639812,1.3673559210260189,-1.657577319
CCn1nc(C)cc1C(=O)Nc1nc2cc(C(N)=O)cc(OC)c2n1CCCNC(=O)OCc1ccccc1,,,,,,,,,,,0.6434526764861874,2.1290450598879582,,,,
CCn1nc(C)cc1C(=O)Nc1nc2cc(C(N)=O)cc(OC)c2n1CCCNc1ncc(-c2ccccc2C)o1,,,,,,,,,,,-0.301029996,1.506505032404872,,,,
CCn1nc(C)cc1C(=O)Nc1nc2cc(C(N)=O)cc(OC)c2n1CCCNc1ncc(-c2ccccc2C(F)(F)F)o1,,,,,,,,,,,0.38021124171160603,1.4638929889859074,,,,
CC(=O)N1CCC1C(=O)N[C@H](c1ncco1)C(C)C,,,-0.065501549,,-0.187086643,0.5314789170422551,,,,,-0.244125144,0.8129133566428556,,0.2576785748691845,1.3838153659804313,
Nc1nccc(Sc2cnc(N3CCC4(CC3)Cc3ncccc3[C@H]4N)cn2)c1Cl,,,-1.744727495,,0.6901960800285137,0.3979400086720376,-1.22184875,-0.22184875,0.2787536009528289,-1.494850022,0.146128035678238,0.6720978579357175,-1.823908741,,,-1.301029996
Nc1nc(N2CCC3(CC2)Cc2ccccc2[C@H]3N)cnc1Sc1ccnc(N)c1Cl,,,,,,,,,,,1.0530784434834197,1.5587085705331658,-1.522878745,,,
Nc1nc(N2CCC3(CC2)Cc2ncsc2[C@H]3N)cnc1Sc1ccnc(N)c1Cl,,,,,,,,,,,0.36172783601759284,0.9867717342662449,-1.107905397,,,
Nc1nc(N2CCC3(CC2)Cc2ncccc2[C@H]3N)cnc1Sc1ccnc(N)c1Cl,,,,,,,,,,,0.5314789170422551,1.1398790864012365,-1.148741651,,,
C#CC1(NC(=O)C(=O)c2c(C)c(C(=O)Nc3ccc(F)c(C#N)c3)n(C)c2C)COC1,,,-0.721246399,,0.012837224705172217,0.2944662261615929,-0.537602002,-0.050609993,0.8970770032094203,-0.552841969,-0.301029996,0.7846172926328754,-0.677780705,0,1.0791812460476249,-0.455931956
C#CC1(N(COP(=O)(O)O)C(=O)C(=O)c2c(C)c(C(=O)Nc3ccc(F)c(C#N)c3)n(C)c2C)COC1,,,-0.958607315,,,,-0.744727495,,,-0.886056648,,,-1.602059991,,,-1.045757491
C[C@@H](c1cn(-c2ccc(Cl)cc2F)nn1)[C@](O)(Cn1cncn1)c1ccc(F)cc1F,,,,,,,,,,,,0.29885307640970665,,,,
O=C1O[C@@H](CNCc2ccc(/C=C/C(O)=NO)cc2)CN1c1ccc(N2CCOCC2)c(F)c1,,,,,,,,,,,,1.8920946026904804,,,,
CCOC(=O)C1C(CN2CCN3C(=O)N(CC(C)(C)C(=O)O)C[C@@H]3C2)=NC(c2nccs2)=N[C@H]1c1cccc(F)c1Cl,,,,,,,,,,,0.6812412373755872,1.8129133566428555,,0.11394335230683679,1.5440680443502757,
CCOC(=O)C1C(CN2CCN3C(=O)N(C(C)(C)C)C[C@@H]3C2C(=O)O)=NC(c2nccs2)=N[C@H]1c1cccc(F)c1Cl,,,,,,,,,,,0.7323937598229685,1.9395192526186185,,0.7160033436347992,2.3944516808262164,
COC(=O)C1C(CN2CCN3C(=O)N(CC(C)(C)C(=O)O)C[C@@H]3C2)=NC(c2nccs2)=N[C@H]1c1ccc(F)cc1Cl,,,,,,,,,,,,1.6532125137753437,,,,
CCOC(=O)C1C(CN2CCN3C(=O)N(CC(C)(C)C(=O)O)C[C@@H]3C2)=NC(c2nccs2)=N[C@H]1c1ccc(F)cc1Cl,,,,,,,,,,,,1.5797835966168101,,0.3424226808222063,1.7634279935629373,
CCOC(=O)C1C(CN2CCN3C(=O)N(CC(C)(C)C(=O)O)C[C@@H]3C2)=NC(c2nccs2)=N[C@H]1c1ccc(F)c(F)c1C,,,,,,,,,,,,1.462397997898956,,,,
COC(=O)C1C(CN2CCN3C(=O)N(CC(C)(C)C(=O)O)C[C@@H]3C2)=NC(c2nccs2)=N[C@H]1c1ccc(F)c(F)c1C,,,,,,,,,,,,1.7323937598229686,,,,
CCOC(=O)C1C(CN2CCN3C(=O)N(CC(C)(C)C(=O)O)C[C@@H]3C2)=NC(c2nccs2)=N[C@H]1c1cccc(F)c1C,,,,,,,,-0.173925197,1.3729120029701065,,0.12710479836480765,1.4842998393467859,,0,1.3010299956639813,
C=CC(=O)N1CCC(C(=O)N(C)C(C(=O)NC2Cc3cccc(c3)-c3ccc4c(c3)c(c(-c3cccnc3[C@H](C)OC)n4CC)CC(C)(C)COC(=O)C3CCCN(N3)C2=O)C(C)C)C1,,,,,,,,,,,,,,,1.2304489213782739,
CC#CC(=O)N1CCC(C(=O)N(C)C(C(=O)NC2Cc3cccc(c3)-c3ccc4c(c3)c(c(-c3cccnc3[C@H](C)OC)n4CC)CC(C)(C)COC(=O)C3CCCN(N3)C2=O)C(C)C)C1,,,,,,,,,,,,,,,1.2304489213782739,
COc1cc2ncnc(Nc3cccc(Cl)c3F)c2cc1OCCCCNCc1c(OC)cc(OCc2cccc(-c3ccccc3)c2C)cc1OC,,,,,,,,,,,,1.3979400086720377,,,,
NC(Cc1ccc(B(O)O)cc1)C(=O)O,,,,,,,,,,,,,,-0.920818754,,
NC(Cc1ccc(O)c(B(O)O)c1)C(=O)O,,,,,,,,,,,,,,-0.920818754,-0.096910013,
C[C@@H](NC(=O)C(=O)N1CCN(C(=O)c2cc3c(F)cc(F)cc3[nH]2)CC1)C(F)(F)F,,,,,,,,,,,,,,0.6334684555795865,1,
CCc1cc(F)cc2[nH]c(C(=O)N3CCN(C(=O)C(=O)NC4(c5nc(C)no5)CC(F)(F)C4)CC3)cc12,,,,,,,,,,,,,,0.38021124171160603,1.6127838567197355,
CCc1cc(F)cc2[nH]c(C(=O)N3CCN(C(=O)C(=O)NC4(C)COC4)C[C@H]3C)cc12,,,-0.886056648,,,,,,,,0.2787536009528289,1.4913616938342726,-0.920818754,0.11394335230683679,1.3979400086720377,-0.920818754
Cc1cc2cccnc2cc1Nc1ncc2c(n1)N(C1CCOCC1)Cc1nncn1-2,,,,,,,,,,,,1.7403626894942439,,,,
C[C@@H]1CN(c2cc(-c3[nH]nc4ccc(OC5(C)CC5)cc34)ncn2)C[C@H](C)O1,,,,,,1.568201724066995,,,1.2041199826559248,,,2.184691430817599,,,,
C[C@@H]1CN(c2cc(-c3ncn4ccc(-c5cnn(C)c5)cc34)ccn2)C[C@H](C)O1,,,,,,,,,,,,1.8129133566428555,,,,
C[C@@H]1CN(c2cc(-c3ncc4ccc(-c5cnn(C)c5)cn34)ccn2)C[C@H](C)O1,,,,,,,,,,,,1.9912260756924949,,,,
C[C@@H]1CN(c2cc(-n3ncc4ccc(-c5cnn(C)c5)cc43)ccn2)C[C@H](C)O1,,,,,,,,,,,,1.591064607026499,,,,
C[C@@H]1CN(c2cc(-n3ncc4ccc(-c5cc[nH]n5)cc43)ncn2)C[C@H](C)O1,,,,,,1.5185139398778875,,,1.2304489213782739,,,1.2041199826559248,,,,
C[C@@H]1CN(c2cc(-n3ncc4ccc(-c5cc[nH]n5)cc43)ncn2)C[C@H](C)N1C,,,,,,1.3424226808222062,,,,,,1.255272505103306,,,,
CC(C)(O)[C@@H]1CCN(c2cc(-n3ncc4ccc(-c5cc[nH]n5)cc43)ncn2)C1,,,,,,1.2304489213782739,,,1.0413926851582251,,,0.5314789170422551,,,,
CC(C)(O)C12CC(C1)N(c1cc(-n3ncc4ccc(-c5cc[nH]n5)cc43)ncn1)C2,,,,,,0.7403626894942439,,,0.7160033436347992,,,0.25527250510330607,,,,
CC(C)(O)C12CC(C1)N(c1cc(-n3ncc4ccc(C5(C#N)CC5)cc43)ncn1)C2,,,,,,,,,,,,1.845098040014257,,,,
CC1CC1(C#N)c1ccc2cnn(-c3cc(N4CC5(C(C)(C)O)CC4C5)ncn3)c2c1,,,,,,,,,,,,2.1492191126553797,,,,
CC(C)(O)C12CC(C1)N(c1cc(-n3ncc4ccc(C5(C#N)CC5(C)C)cc43)ncn1)C2,,,,,,,,,,,,2.4771212547196626,,,,
CC(C)(O)C12CC(C1)N(c1cc(-n3ncc4ccc([C@]5(C#N)CC56CC6)cc43)ncn1)C2,,,,,,,,,,,,0.3010299956639812,,,,
CC(C)(O)[C@@H]1CCN(c2cc(-n3ncc4ccc([C@]5(C#N)CC56CC6)cc43)ncn2)C1,,,,,,1.5314789170422551,,,1.1139433523068367,,,0.9030899869919435,,,,
CN(C)C(=O)c1cc2cnc(N[C@H]3CC[C@H](N)CC3)nc2n1C1CCCC1,,,,,,,,,,,,,,0.8273692730538252,2.12057393120585,
COCCN[C@H]1CC[C@H](Nc2ncc3cc(C(=O)N(C)C)n(C4CCCC4)c3n2)CC1,,,,,,,,,,,,,,0.359835482339888,1.9777236052888478,
CN(C)C(=O)c1cc2cnc(N[C@H]3CC[C@H](NCCO)CC3)nc2n1C1CCCC1,,,,,,,,,,,,,,1.0086001717619175,1.825426117767823,
COC(=O)c1cc(C(=O)c2ccccc2)n2cccc2c1,,,,,,,,,,,,1.7465563614103692,,,,
CCN(CC)C(=O)c1cc(C(=O)c2ccccc2)n2cccc2c1,,,,,,,,,,,,,,,1.879439965995217,
Cc1cc(C)n(-c2cccc([C@H](CC(=O)O)CN3CC[C@@H](CCc4ccc5c(n4)NCCC5)C3)c2)n1,,,,,0.5563025007672873,1.4471580313422192,,,,,0.3222192947339193,1.7481880270062005,,,,
O=C(O)C[C@H](CN1CC[C@@](F)(CCc2ccc3c(n2)NCCC3)C1)c1cccc(N2CCOCC2)c1,,,,,0.3979400086720376,0.7481880270062004,,,,,0.6127838567197355,1.6901960800285136,,,,
O=C(O)C[C@H](CN1CC[C@@](F)(CCc2ccc3c(n2)NCCC3)C1)c1cccc(O[C@H]2CCOC2)c1,,,,,,,,,,,0.2787536009528289,1.255272505103306,,,,
O=C(O)C[C@H](CN1CC[C@@](F)(CCc2ccc3c(n2)NCCC3)C1)c1cccc(O[C@@H]2CCOC2)c1,,,,,,,,,,,0.5185139398778874,1.4471580313422192,,,,
COCCOc1cccc([C@H](CC(=O)O)CN2CC[C@@](F)(CCc3ccc4c(n3)NCCC4)C2)c1,,,,,0.146128035678238,0.568201724066995,,,,,0.5563025007672873,1.4771212547196624,,,,
O=C(O)C[C@H](CN1CC[C@@](F)(CCc2ccc3c(n2)NCCC3)C1)c1cccc(OC2CCOCC2)c1,,,,,,,,,,,0.6901960800285137,1.5563025007672873,,,,
O=C(O)c1cn(C2CC2)c2cc(N3CCC(O)(COc4ccc(N5C[C@H](CO)OC5=O)cc4F)CC3)c(F)cc2c1=O,,,,,,,,,,,0.3010299956639812,1.8129133566428555,-1.102372909,,,
Cc1nc2c(n1[C@@H]1C[C@H]3CC[C@@H](C1)N3CC[C@H](NC(=O)C1CCC(F)(F)CC1)c1ccsc1)CCN(C(=O)C(C)C)C2,,,,,,,,,,,,2.0681858617461617,,,,
CC(=O)N1CCc2c(nc(C)n2[C@@H]2C[C@H]3CC[C@@H](C2)N3CC[C@H](NC(=O)C2CCC(F)(F)CC2)c2ccsc2)C1,,,,,,,,,,,,1.8959747323590646,,,,
CC(C)c1ccccc1[C@@H]1CCCN1C1CC2(CCN(c3ccc(C(=O)NS(=O)(=O)c4ccc(NC[C@H]5CC[C@](C)(O)CC5)c([N+](=O)[O-])c4)c(Oc4cnc5[nH]ccc5c4)c3)CC2)C1,,,,,-0.337242168,0.4712917110589386,,,,,,,,0.2355284469075489,1.4183012913197455,
CC(C)c1ccccc1[C@@H]1CCCN1C1CC2(CCN(c3ccc(C(=O)NS(=O)(=O)c4ccc(NC[C@H]5COCCO5)c([N+](=O)[O-])c4)c(Oc4cnc5[nH]ccc5c4)c3)CC2)C1,,,,,-0.259637311,0.4913616938342727,,,,,,,,0,1.6803355134145632,
Cc1c(-c2ccc(F)cc2)ccc2[nH]c(-c3cccc(CNCCN(C)C)c3)nc12,,,,,,,,,,,,2.290034611362518,,,,
CCCC[C@H](CO)NC(=O)c1c(C)nc2c(OCC3CCC3)cccn12,,,,,,,,,,,-0.22184875,1.8555191556678001,,,,
CCCC[C@H](CO)NC(=O)c1c(C)nc2c(OCC3CCCCC3)cccn12,,,,,,,,,,,0.3010299956639812,1.9854264740830017,-2.045757491,,,
CCCC[C@H](CO)NC(=O)c1c(C)nc2c(OCc3c(F)cccc3F)cccn12,,,,,,,,,,,-0.045757491,1.4265112613645752,-1.30980392,,,
CCCC[C@H](CN)NC(=O)c1c(C)nc2c(OCc3c(F)cccc3F)cccn12,,,,,,,,,,,0.7781512503836436,1.1986570869544226,,,,
Cc1nc2c(OCc3c(F)cccc3F)cccn2c1C(=O)N[C@@H](CN)c1ccc(F)c(F)c1,,,-1.37675071,,,,,,,,0.43136376415898736,1.0718820073061255,-1.552841969,,,
CC[C@](C)(N)CNC(=O)c1c(C)nc2c(OCc3c(F)cccc3F)cc(C)cn12,,,-0.721246399,,,,,0.785329835010767,1.0681858617461617,,1.0791812460476249,1.1846914308175989,-0.744727495,,,
COc1cc2c(cc1OCc1ccccc1)N(c1ccncc1)CC21CCN(C)CC1,,,,,,,,,,,,,,1.3979400086720377,1.4578818967339924,
Cc1cnc(Nc2cccc(S(C)(=O)=O)c2F)nc1-c1c[nH]c2c(NC(=O)C(C)N3CCN(C)CC3)cccc12,,,-1.22184875,,,,,,,,0.9637878273455552,1.8129133566428555,,,,
CCC(C(=O)Nc1cccc2c(-c3nc(Nc4cccc(S(C)(=O)=O)c4F)ncc3C)c[nH]c12)N1CCN(C)CC1,,,-1.301029996,,,,,,,,0.9542425094393249,,,,,
COCC(C(=O)Nc1cccc2c(-c3nc(Nc4cccc(S(C)(=O)=O)c4F)ncc3C)c[nH]c12)N1CCN(C)CC1,,,-1.045757491,,,,,,,,,,,,,
CC(C(=O)Nc1cccc2c(-c3nc(Nc4cccc(S(C)(=O)=O)c4F)ncc3F)c[nH]c12)N1CCN(C)CC1,,,-1.22184875,,,,,,,,,,,,,
CCC(C(=O)Nc1cccc2c(-c3nc(Nc4cccc(S(C)(=O)=O)c4F)ncc3F)c[nH]c12)N1CCN(C)CC1,,,-1.301029996,,,,,,,,,,,,,
COCC(C(=O)Nc1cccc2c(-c3nc(Nc4cccc(S(C)(=O)=O)c4F)ncc3F)c[nH]c12)N1CCN(C)CC1,,,-1.096910013,,,,,,,,0.9956351945975499,1.5185139398778875,,,,
CC(C)(O)Cn1cc(-c2cc(C(C)(C)O)c3nc(Nc4ccc5c(c4)C(C)(C)OC5=O)ncc3c2)cn1,,,,,,,,,,,,,,,2.2013971243204513,
CN1CCC(n2cc(-c3cc(C(C)(C)O)c4nc(Nc5ccc6c(c5)C(C)(C)OC6=O)ncc4c3)cn2)CC1,,,,,,,,,,,,,,,2.2095150145426308,
CN1CCC(O)(c2cc(C(C)(C)O)c3nc(Nc4ccc5c(c4)C(C)(C)OC5=O)ncc3c2)CC1,,,,,,,,,,,,,,,2.0211892990699383,
C[C@@H]1COCCN1c1cc(N2CCOC[C@@H]2C)nc2[nH]c(-c3ccccn3)nc12,,,,,0.6334684555795865,1.9344984512435677,,,,,-0.15490196,0.7160033436347992,-0.872895202,0.414973347970818,1.2787536009528289,-1.187086643
C[C@@H]1COCCN1c1cc(N2CCOC[C@@H]2C)nc2[nH]c(-c3cscn3)nc12,,,,,,,,0.47712125471966244,1.1139433523068367,,0.36172783601759284,1.2430380486862944,-0.744727495,0.4471580313422192,1.1760912590556813,-1.167491087
COc1cc2c(cc1OC)C(Cc1ccc(OC)c(OCc3ccccc3)c1)N(C)CC2,,,,,,,,,,,,1.2624510897304295,,,,
CC(=O)N1CCC(Nc2ccc3c(c2)C(=O)N(C[C@H](O)CN2CCc4ccccc4C2)CC32CC2)CC1,,,,,,,,,,,0.414973347970818,1.8555191556678001,,,,
CC(=O)N1CCC(Nc2ccc3c(c2)C(=O)N(C[C@H](O)CN2CCc4ccccc4C2)CC32CCC2)CC1,,,,,,,,,,,0.2041199826559248,1.3979400086720377,,,,
CC(=O)N1CCC(Nc2ccc3c(c2)C(=O)N(C[C@H](O)CN2CCc4ccccc4C2)CC32CCCC2)CC1,,,,,,,,,,,0.4471580313422192,1.3979400086720377,,,,
CC(=O)N1CCC(Nc2cc3c(cn2)C2(CC2)CN(C[C@H](O)CN2CCc4ccccc4C2)C3=O)CC1,,,,,,,,,,,0.47712125471966244,1.5831987739686226,,,,
CC(=O)N1CC2(CC(Nc3cc4c(cn3)C3(CC3)CN(C[C@H](O)CN3CCc5ccccc5C3)C4=O)C2)C1,,,-0.958607315,,,,-1.698970004,,,-0.958607315,0.146128035678238,1.6201360549737576,-1.397940009,,,-1.15490196
CC(=O)N1CCC(Nc2cc(C(=O)NC[C@H](O)CN3CCc4ccccc4C3)ncn2)CC1,,,,,,,,,,,0.146128035678238,1.7535830588929067,,,,
Nc1nc(N)c(OCCCOc2ccccc2CCC(=O)O)c(C2CCCCC2)n1,,,,,,,,,,,,,,-0.045757491,1.3617278360175928,-1.698970004
CCc1nc(N)nc(N)c1OCCCOc1ccccc1CCC(=O)O,,,,,,,,,,,,,,0.3979400086720376,1.639486489268586,
Nc1nc(=O)c(N)c(NC(=O)Nc2ccc(C(=O)NC(CCC(=O)O)C(=O)O)cc2)[nH]1,,,,,,,,,,,,,,1.167317334748176,1.8494194137968993,
Nc1nc(=O)c(NC(=O)Nc2ccc(C(=O)NC(CCC(=O)O)C(=O)O)cc2Cl)c(N)[nH]1,,,,,,,,,,,,,,-0.22184875,1.089905111439398,
C[C@@H](COCCC(=O)N1CCN(c2ncc(C(F)(F)F)cn2)CC1)Nc1cn[nH]c(=O)c1C(F)(F)F,,,,,,,,,,,,,,,1.826722520168992,
C[C@@H](CN1CC(C(=O)N2CCN(c3ncc(C(F)(F)F)cn3)CC2)C1)Nc1cn[nH]c(=O)c1C(F)(F)F,,,,,,,,,,,,,,,1.462397997898956,
COc1ccc(-c2c(C#N)c(=O)n(Cc3ccccc3)c3c(N[C@H](C)c4ccccn4)cccc23)cc1,,,,,,,,,,,,1.9206450014067875,,,,
N=C(N)NCCCC(NC(=O)C(Cc1ccccc1)NC(=O)C(CCC(N)=O)NC(=O)OCc1ccccc1)C(=O)c1nccs1,,,,,,,,,,,,,,0.5327543789924978,1.8463371121298053,
Cc1c(COc2cc(OCc3cccc(C#N)c3)c(CNCCO)cc2Cl)cccc1-c1cccc(OCCOCCN2CCC(O)C2)c1,,,,,,,,,,,,1.865103974641128,,,,
CCC(CC)c1cc(N[C@H]2CC[C@H](N)C2)n2nccc2n1,,,-0.207608311,,0.6532125137753437,1.1271047983648077,-0.552841969,,,,0.8633228601204559,1.7134905430939424,-0.229147988,0.5910646070264992,1.3692158574101427,-0.283996656
Nc1ncnc2c1ncn2[C@@H]1O[C@H](CNS(=O)(=O)NC(=O)CCCC[C@@H]2SC[C@@H]3NC(=O)N[C@@H]32)[C@@H](O)[C@H]1O,,,-0.795880017,,,,,,,,,,,-0.026872146,1.7634279935629373,-0.48148606
CC(CCC[C@@H]1SC[C@@H]2NC(=O)N[C@@H]21)C(=O)NS(=O)(=O)NC[C@H]1O[C@@H](n2cnc3c(N)ncnc32)[C@H](O)[C@@H]1O,,,,,,,,,,,,,,-0.26760624,1,
Nc1ncnc2c1ncn2[C@@H]1O[C@H](CNS(=O)(=O)NC(=O)NCCC[C@@H]2SC[C@@H]3NC(=O)N[C@@H]32)[C@@H](O)[C@H]1O,,,,,,,,,,,,,,-0.346787486,0.8450980400142568,
CCOC(=O)Cn1c2ccc(C)cc2c(=O)c2cc(OC)c(C)c(C)c21,,,,,,,,,,,0.505149978319906,1.187520720836463,,,,
O=C(Nc1ccc(F)cc1)N1CCn2ncc(-c3ccc(F)cc3)c2C1,,,,,,,,,,,,,,0.3222192947339193,2.164352855784437,
COc1cc(C#N)ccc1C[Se]c1cccc(C2CCN(Cc3nc4ccc(C(=O)O)cc4n3C[C@@H]3CCO3)CC2)n1,,,,,,,,,,,,,,,0.7867514221455612,-1.698970004
COc1cc(C(F)(F)F)ccc1C[Se]c1cccc(N2C=NN(Cc3nc4c(F)cc(C(=O)O)cc4n3C[C@@H]3CCO3)CC2)n1,,,,,,,,,,,,,,,0.9566485792052033,
COc1cc(C#N)ccc1C[Se]c1cccc(N2C=NN(Cc3nc4c(F)cc(C(=O)O)cc4n3C[C@@H]3CCO3)CC2)n1,,,,,,,,,,,,,,,1.0132586652835165,
N#Cc1ccc(C[Se]c2cccc(C3CCN(Cc4nc5ccc(C(=O)O)cc5n4C[C@@H]4CCO4)CC3)n2)c(F)c1,,,,,,,,,,,,1.8585371975696392,,,,
OCCN(CCO)c1nccc(-n2cncn2)n1,,,,,,,,,,,,,,0.3222192947339193,0.9242792860618817,
COc1c(F)c(F)cc(-c2c(C(=O)O)sc3cc(F)ccc23)c1F,,,-2.721246399,,0.5809249756756193,0.07554696139253074,-2.236572006,-0.764471553,0.9947569445876282,,-0.612610174,0.13353890837021754,-3.26760624,,,
CC(c1c[nH]c(=O)c2cc(F)c(F)cc12)N(C)C(=O)Nc1ccc(F)c(C#N)c1,,,,,,,,,0.9542425094393249,,,1.0413926851582251,,,1.1139433523068367,
CCN1C(=O)N(c2ccc(C(F)(F)F)cc2)C(=O)C12CCN(CC1CCOCC1)CC2,,,,,,,,,,,0.919078092376074,0.7993405494535817,,0.8692317197309762,0.6020599913279624,
CCN1C(=O)N(c2ccc(C3CC3)cc2)C(=O)C12CCN(CC1CCOCC1)CC2,,,-0.536107011,,,,,,,,0.7923916894982539,1.2304489213782739,-0.522878745,0.7160033436347992,1.2304489213782739,-0.438898616
CCN1C(=O)N([C@H]2CC[C@H](C(F)(F)F)CC2)C(=O)C12CCN(CC1CCOCC1)CC2,,,-0.528708289,,,,,,,,0.919078092376074,0.9637878273455552,-0.555955204,0.7075701760979364,0.9956351945975499,-0.424812155
C[C@H](c1ncccn1)N(Cc1ccc(C(F)(F)F)cn1)C(=O)c1ccc2nc(N)c3c(c2c1)COC3,,,,,,,,,,,,,,0.146128035678238,1.5831987739686226,-0.638272164
CN(Cc1ccc(C(F)(F)F)cn1)C(=O)c1ccc2nc(N)c3c(c2c1)COC3,,,,,,,,,,,,,,-0.045757491,0.919078092376074,-0.677780705
CCN(Cc1ccc(C(F)(F)F)cn1)C(=O)c1ccc2nc(N)c3c(c2c1)COC3,,,,,,,,,,,,,,0.17609125905568124,1.0681858617461617,-0.920818754
Nc1nc2ccc(C(=O)N3CCOC[C@@H]3c3ccc(C(F)(F)F)cn3)cc2c2c1COC2,,,,,,,,,,,,,,0.07918124604762482,0.8260748027008264,-0.744727495
Nc1nc2ccc(C(=O)N3CCOC[C@@H]3c3ccc(C(F)(F)F)nc3)cc2c2c1COC2,,,,,,,,,,,,,,0,0.8260748027008264,-0.568636236
Nc1nc2ccc(C(=O)N3CCOC[C@@H]3c3ccc(C(F)(F)F)cc3)cc2c2c1COC2,,,,,,,,,,,,,,0.2041199826559248,0.8260748027008264,-1.301029996
Nc1nc2cnc(C(=O)N3CCOC[C@@H]3c3ccc(C(F)(F)F)cc3)cc2c2c1COC2,,,-0.958607315,,0.414973347970818,0.6232492903979004,-1.096910013,,,,0.2041199826559248,1.4517864355242902,-1,0.11394335230683679,1,-1.15490196
C[C@@H]1COC[C@H](c2ccc(C(F)(F)F)cc2)N1C(=O)c1cc2c3c(c(N)nc2cn1)COC3,,,,,,,,,,,,,,0.47712125471966244,1.2624510897304295,-1.096910013
C[C@H]1OCc2c1c(N)nc1cnc(C(=O)N3CCOC[C@@H]3c3ccc(C(F)(F)F)cc3)cc21,,,,,,,,,,,,,,0.25527250510330607,1.1238516409670858,-1.045757491
Cc1cc2cc(C(=O)N(Cc3ccc(C(F)(F)F)cn3)[C@H](C)c3ncccn3)ccc2nc1N,,,-1,,0.2787536009528289,1.3979400086720377,-0.698970004,,,,0.11394335230683679,1.4265112613645752,-0.795880017,0.36172783601759284,1.5831987739686226,-0.920818754
COc1ccc2c3c1OC1C(=O)C=C[C@]4(O)[C@H](C2)N(C)CC[C@@]314,,,,,,,,,,,,,,1.9867717342662448,,
CN1CC[C@@]23c4c5ccc(O)c4OC2C(=O)C=C[C@]3(O)[C@@H]1C5,,,,,,,,,,,,,,1.8779469516291882,2.6711728427150834,
N#Cc1ccc2[nH]cc(CCCCN3CCN(c4ncc(-c5ccc(Cl)cc5)cn4)CC3)c2c1,,,,,0.7419390777291989,1.7853298350107671,,,,,0.7371926427047373,2.0969100130080562,,,,
N#Cc1ccc2[nH]cc(CCCCN3CCN(c4ncc(-c5ccc(F)cc5F)cn4)CC3)c2c1,,,,,0.5314789170422551,1.932980821923198,,,,,0.8068580295188175,2.286231854028553,,,,
N#Cc1ccc2[nH]cc(CCCCN3CCN(c4ncc(-c5cccc(C(N)=O)c5)cn4)CC3)c2c1,,,,,0.3283796034387377,2.0737183503461227,,,,,0.367355921026019,2.581722159949099,,,,
CN1CCN([C@@H]2CCCN(c3cnc(C(N)=O)c(Nc4ccc(C5CCN(C6CN(c7ccc8c(C9CCC(=O)NC9=O)noc8c7)C6)CC5)cc4)n3)C2)C1=O,,,,,,,,,,,,,,-0.397940009,0.5224442335063199,
NC(=O)c1ncc(N2CCCCC2)nc1Nc1ccc(C2CCN(CC3CN(c4ccc5c(C6CCC(=O)NC6=O)noc5c4)C3)CC2)cc1,,,,,,,,,,,,,,-0.301029996,0.22271647114758325,
CN1CCN([C@@H]2CCCN(c3cnc(C(N)=O)c(Nc4ccc(C5CCN(C6CN(c7cc8onc(C9CCC(=O)NC9=O)c8c8ccccc78)C6)CC5)cc4)n3)C2)C1=O,,,,,,,,,,,,,,-0.096910013,0.6989700043360189,
CN1CCN([C@@H]2CCCN(c3cnc(C(N)=O)c(Nc4ccc(C5CCN(C[C@@H]6CCN(c7ccc8c(c7)C(=O)N(C7CCC(=O)NC7=O)C8=O)C6)CC5)cc4)n3)C2)C1=O,,,,,,,,,,,,,,0.07918124604762482,0.9206450014067876,
CCOc1ccc(-c2nc(C)c(C(=O)O)s2)cc1,,,,,,,,,,,-0.795880017,1.2329961103921538,,,,
Cc1nc(-c2ccc(N3CCOCC3)cc2)sc1C(=O)O,,,,,,,,,,,-0.301029996,0.6627578316815741,,,,
CC[C@@H](N)c1nc(N2CCC[C@H]2C)cc2c1CN(c1cccc(-c3nnc4n3[C@@H](C)CC4)n1)C2=O,,,,,,,,0.568201724066995,0.8450980400142568,,,,,0.6901960800285137,1.591064607026499,
C=C(C)[C@@H]1CC[C@]2(NCCN3CCS(=O)(=O)CC3)CC[C@]3(C)[C@H](CC[C@@H]4[C@@]5(C)CC=C(c6ccc(C(=O)O)cc6)C(C)(C)[C@@H]5CC[C@]43C)[C@@H]12,,,,,-0.443697499,-0.443697499,,-0.366531544,0.2787536009528289,,0.04139268515822508,0.3424226808222063,,-0.086186148,0.04139268515822508,
O=P(O)(O)c1ccc2c(n1)CCNC2,,,,,-0.017728767,0.250420002308894,,,,,-0.325138859,0.42160392686983106,,,,
O=P(O)(O)CCN1CCC(Nc2cc(N3CCOCC3)nc(NCc3cn(CCCO)nn3)n2)CC1,,,,,,,,,,,,,,-0.096910013,1.1072099696478683,
COc1cc(SC(F)(F)F)c(OC)cc1CCN,,,,,0.7234556720351858,1.1986570869544226,,,,,0.7535830588929066,1.9003671286564703,,,,
COc1cc(-c2nc(Nc3ccc4nc(C)cc(N)c4c3)c3sccc3n2)cc(OC)c1OC,,,,,,,,,,,,2,,,,
C#Cc1c(F)ccc2cc(O)cc(-c3ncc4c(N5C[C@H]6CC[C@@H](C5)N6C(=O)C5OC(=O)[C@@]5(C)C5CCC5)nc(OC[C@@]56CCCN5C[C@H](F)C6)nc4c3F)c12,,,,,,,,,,,,,,0.8573324964312685,1.8512583487190752,
CC(C)c1cc(Oc2c(Cl)cc(-n3nc(N)c(=O)[nH]c3=O)cc2Cl)n[nH]c1=O,,,-1.657577319,,-0.163043263,-0.048176965,-1.408935393,-0.224025669,0.2013971243204515,-1.886056648,-0.202732459,0.146128035678238,-1.886056648,-0.15864053,0.5465426634781311,-1.455931956
C#Cc1nn(-c2cc(Cl)c(Oc3cc(C(C)C)c(=O)[nH]n3)c(Cl)c2)c(=O)[nH]c1=O,,,-2,,,,,,,,,,,,,
CCC(=O)N1CCCN(C(=O)C2CCCN(Cc3ccc(NC(=O)N[C@@]45C[C@@H]6C[C@@](C)(C[C@@](C)(C6)C4)C5)c(F)c3)C2)CC1,,,,,,,,,,,,0.6812412373755872,-0.568636236,,,
COc1cc(F)ccc1[C@H]1CSc2cc(O)ccc2[C@H]1c1ccc(OCCN2CC(CF)C2)cc1,,,,,,,,,,,0.8195439355418687,1.3673559210260189,,,,
Cc1ccc(CC(=NO)C(=O)NCc2ccc3c(c2)CN(C2CCC(=O)NC2=O)C3=O)cc1Cl,,,,,,,,,,,0.49692964807321494,1.8762178405916423,,,,
CO/N=C(\Cc1ccc(C)c(Cl)c1)C(=O)NCc1ccc2c(c1)CN(C1CCC(=O)NC1=O)C2=O,,,,,,,,,,,0.12710479836480765,1.6273658565927327,,,,
O=C1CCC(N2Cc3cc(CNC(=O)C4COc5ccccc5C4)ccc3C2=O)C(=O)N1,,,,,,,,,,,0.19589965240923377,1.7331972651065695,,,,
O=C1CCC(N2Cc3cc(CNC(=O)C4=Cc5ccccc5OC4)ccc3C2=O)C(=O)N1,,,,,,,,,,,,1.24551266781415,,,,
O=C1CCC(N2Cc3cc(CNC(=O)C4=Cc5cccc(F)c5OC4)ccc3C2=O)C(=O)N1,,,,,,,,,,,,0.9344984512435677,,,,
O=C1CCC(N2Cc3cc(CNC(=O)C4=Cc5cccc(C(F)(F)F)c5OC4)ccc3C2=O)C(=O)N1,,,,,,,,,,,,1.089905111439398,,,,
O=C1CCC(N2Cc3cc(CNC(=O)C4=Cc5cc(OC(F)(F)F)ccc5OC4)ccc3C2=O)C(=O)N1,,,,,-0.26760624,1.2278867046136734,,,,,,0.9084850188786497,,-0.619788758,0.5797835966168101,
O=C1CCC(N2Cc3cc(CNC(=O)C4=Cc5cccc(OC(F)(F)F)c5OC4)ccc3C2=O)C(=O)N1,,,,,,,,,,,,0.9084850188786497,,,,
COc1cccc2c1OCC(C(=O)NCc1ccc3c(c1)CN(C1CCC(=O)NC1=O)C3=O)=C2,,,,,,,,,,,,1.0530784434834197,,,,
O=C1CCC(N2Cc3ccc(COC(=O)Nc4cc(OC(F)(F)F)ccc4F)cc3C2=O)C(=O)N1,,,,,,,,,,,,0.6627578316815741,,,,
CN1CCC(c2nnc([C@]34CN(c5ccc(C#N)c6ncccc56)C[C@@]3(C(F)(F)F)C4)o2)CC1,,,-0.443697499,,,,-0.537602002,,,-0.366531544,,,-0.468521083,,,-0.721246399
CC(C)(C)c1cc(C(C)(C)C)c(NC(=O)c2c[nH]c3ccccc3c2=O)cc1O,,,,,-0.15490196,-0.15490196,,,,,0.5563025007672873,0.7403626894942439,,,,
Nc1cc(S(=O)(=O)c2ccc(OC(F)(F)F)cc2)cnc1C(=O)NC[C@@H](O)C(F)(F)F,,,,,,,,,,,0.7781512503836436,0.11394335230683679,,,,
Nc1cc(S(=O)(=O)c2ccccc2OC(F)(F)F)cnc1C(=O)NC[C@@H](O)C(F)(F)F,,,,,,,,,,,0.7075701760979364,0.9912260756924949,,,,
CC(O)CNC(=O)c1ncc(S(=O)(=O)N2CCC(OC(F)(F)F)CC2)cc1N,,,,,,,,,,,0.505149978319906,1.5010592622177514,,,,
C[C@H](O)CNC(=O)c1ncc(S(=O)(=O)c2ccc(OC(F)(F)F)cc2)cc1N,,,,,0.43136376415898736,0.36172783601759284,,-0.096910013,-0.173925197,,0.04139268515822508,0.11394335230683679,,,,
Nc1cc(C(F)(F)F)c(Br)nc1C(=O)NC[C@@H](O)C(F)(F)F,,,,,,,,,,,0.505149978319906,1.724275869600789,,,,
C[C@](O)(CNC(=O)c1nc(Br)c(C(F)(F)F)cc1N)C(F)(F)F,,,-1.602059991,,,,,,,,0.8129133566428556,1.2304489213782739,-1.508638306,,,
C[C@](O)(CNC(=O)c1nc(C(F)(F)F)c(C(F)(F)F)cc1N)C(F)(F)F,,,-1.853871964,,,,,,,,0.8061799739838872,1.1760912590556813,-1.721246399,,,
COc1nc(C(=O)NC[C@](C)(O)C(F)(F)F)c(N)cc1C(F)(F)F,,,-1.113509275,,0.8750612633917001,1.462397997898956,-1.283996656,0.5440680443502757,1.255272505103306,-0.920818754,0.47712125471966244,0.6989700043360189,-1.013228266,,,
C[C@@H]1CN(c2nc(-n3ccc(OCC(C)(C)C)n3)ccc2C(=O)NS(=O)(=O)c2cccnc2N)C(C)(C)C1,,,,,,,,,,,,1.250420002308894,,,,
C[C@@H]1CN(c2nc(-n3ccc(OCCC4(C(F)(F)F)CC4)n3)ccc2C(=O)NS(=O)(=O)c2cccc(F)c2)C(C)(C)C1,,,,,,,,,,,,0.9822712330395684,,,,
CCC1(C)C[C@H](C)CN1c1nc(-n2ccc(OCC3(C(F)(F)F)CC3)n2)ccc1C(=O)NS(=O)(=O)c1ccccc1,,,,,,,,,,,,0.3010299956639812,,,,
C[C@@H]1CN(c2nc(-n3ccc(OCC4(C(F)(F)F)CCC4)n3)ccc2C(=O)NS(=O)(=O)c2ccccc2)C(C)(C)C1,,,,,,,,,,,,1.0492180226701815,,,,
C[C@@H]1CN(c2nc(-n3ccc(OCCC4(C(F)(F)F)CC4)n3)ccc2C(=O)NS(=O)(=O)c2ccccc2)C(C)(C)C1,,,,,,,,,,,,0.2041199826559248,,,,
Cc1nn(C)cc1S(=O)(=O)NC(=O)c1ccc(-n2ccc(OCC(C)(C)C(F)(F)F)n2)nc1N1C[C@@H](C)CC1(C)C,,,,,,,,,,,,0.2041199826559248,,,,
Cc1nn(C)cc1S(=O)(=O)NC(=O)c1ccc(-n2ccc(OCCC3(C(F)(F)F)CC3)n2)nc1N1C[C@@H](C)CC1(C)C,,,,,,,,,,,,0.47712125471966244,,,,
Cc1nn(C)cc1S(=O)(=O)NC(=O)c1ccc(-n2ccc(OCC3(C(F)(F)F)CCC3)n2)nc1N1C[C@@H](C)CC1(C)C,,,,,,,,,,,,0.3979400086720376,,,,
COc1ncc(C(F)(F)F)cc1CO[C@H]1[C@H](C(C)(C)C)C(C(=O)O)N(C(=O)C2CCCCO2)[C@H]1c1ccccc1C,,,,,,1.0293837776852097,,,,,,0.3424226808222063,,,,
O=C(O)c1cc(-c2ccc(N3CCOCC3)cc2)c2c(C3CCC3)nn(-c3ccc(F)cc3)c2n1,,,,,,,,,,,,0.5185139398778874,,,,
COC1CCN(C2CCN(c3cc(C(=O)NS(=O)(=O)N(C)C)nc4c3c(C3CCC3)nn4-c3ccc(F)cc3)CC2)CC1,,,,,,0.5440680443502757,,,,,,0.724275869600789,,,,
Nc1nc(C(=NOC(C(=O)O)C2CCCCC2)C(=O)NC2C(=O)N3C(C(=O)O)=C(CSCCNC(=O)c4ccc(O)c(O)c4Cl)CS[C@H]23)cs1,,,,,,,,,,,,,,0.2304489213782739,1.954724790979063,
CC1CCC(C(ON=C(C(=O)NC2C(=O)N3C(C(=O)O)=C(CSCCNC(=O)c4ccc(O)c(O)c4Cl)CS[C@H]23)c2csc(N)n2)C(=O)O)CC1,,,,,,,,,,,,,,0.38021124171160603,1.7803173121401512,
CC(C)(C)C1CCC(C(ON=C(C(=O)NC2C(=O)N3C(C(=O)O)=C(CSCCNC(=O)c4ccc(O)c(O)c4Cl)CS[C@H]23)c2csc(N)n2)C(=O)O)CC1,,,,,,,,,,,,,,0.8573324964312685,1.7634279935629373,
Nc1nc(C(=NOC(C(=O)O)C2CCC(F)(F)CC2)C(=O)NC2C(=O)N3C(C(=O)O)=C(CSCCNC(=O)c4ccc(O)c(O)c4Cl)CS[C@H]23)cs1,,,,,,,,,,,,,,0.2041199826559248,1.530199698203082,
Nc1nc(C(=NOC(C(=O)O)C2CCC(F)(F)CC2)C(=O)NC2C(=O)N3C(C(=O)O)=C(CSCCNC(=O)c4ccc(O)c(O)c4Cl)CS[C@H]23)c(Cl)s1,,,,,,,,,,,,,,-0.187086643,1.7331972651065695,-1.508638306
Nc1nc(C(=NOC(C(=O)O)C2CCC(F)(F)CC2)C(=O)NC2C(=O)N3C(C(=O)O)=C(CSCCNC(=O)c4ccc(O)c(O)c4Cl)CS[C@H]23)c(Br)s1,,,,,,,,,,,,,,0.9777236052888477,1.9680157139936418,
C[C@@](ON=C(C(=O)NC1C(=O)N2C(C(=O)O)=C(CSCCNC(=O)c3ccc(O)c(O)c3Cl)CS[C@H]12)c1nc(N)sc1Cl)(C(=O)O)C(F)(F)F,,,,,,,,,,,,,,0.8864907251724818,2.598790506763115,-1.180456064
Cc1nc(Nc2ncc(C(=O)Nc3c(C)cccc3Cl)s2)cc(N2CCC(CN3CCN(c4ccc(C5CCC(=O)NC5=O)cc4)CC3)CC2)n1,,,,,,,,,,,,,,0.5453071164658241,1.1448854182871424,
Cc1nc(Nc2ncc(C(=O)Nc3c(C)cccc3Cl)s2)cc(N2CCN(CCCN3CCN(Cc4ccc(C5CCC(=O)NC5=O)cc4)CC3)CC2)n1,,,,,,,,,,,,,,,2.2268575702887237,-2.22184875
Nc1cccc2c1C(=O)N(C1CCC(=O)NC1=O)C2=O,,,,,,,,,,,-0.096910013,0.7403626894942439,-0.180456064,,,
O=C1CCC(n2c(=O)[nH]c3ccccc32)C(=O)N1,,,,,,,,,,,0.11394335230683679,1.167317334748176,-0.193820026,,,
Cn1c(=O)n(C2CCC(=O)NC2=O)c2ccccc21,,,,,,,,,,,0,0.8864907251724818,-0.207608311,,,
CN(CCCOCCCc1cccc2c1n(C)c(=O)n2C1CCC(=O)NC1=O)C[C@H]1CC[C@H](n2cc(NC(=O)c3cnn4ccc(N5C[C@H](N)CC(F)(F)C5)nc34)c(C(F)F)n2)CC1,,,,,,,,,,,1.6693168805661123,2.093421685162235,-1.124938737,,,
CN(CCCOCCCc1cccc2c1n(C)c(=O)n2C1CCC(=O)NC1=O)C[C@H]1CC[C@H](n2cc(NC(=O)c3cnn4ccc(N5C[C@H]6C[C@@H]5CO6)nc34)c(C(F)F)n2)CC1,,,,,,,,,,,0.7923916894982539,1.8228216453031045,-1.096910013,,,
Cn1c(=O)n(C2CCC(=O)NC2=O)c2cccc(CCCOC3CCN(C[C@H]4CC[C@H](n5cc(NC(=O)c6cnn7ccc(N8C[C@H]9C[C@@H]8CO9)nc67)c(C(F)F)n5)CC4)CC3)c21,,,,,,,,,,,0.6812412373755872,1.307496037913213,-1.193820026,,,
Cn1c(=O)n(C2CCC(=O)NC2=O)c2cccc([C@H]3C[C@H](COC4CCN(C[C@H]5CC[C@H](n6cc(NC(=O)c7cnn8ccc(N9C[C@H]%10C[C@@H]9CO%10)nc78)c(C(F)F)n6)CC5)CC4)C3)c21,,,,,,,,,,,0.7403626894942439,1.3384564936046048,-1.387216143,,,
Cn1c(=O)n(C2CCC(=O)NC2=O)c2cccc(C#CCOC3CCN(C[C@H]4CC[C@H](n5cc(NC(=O)c6cnn7ccc(N8C[C@H]9C[C@@H]8CO9)nc67)c(C(F)F)n5)CC4)CC3)c21,,,-1.568636236,,1.0253058652647702,1.4065401804339552,-1.387216143,1.0453229787866574,1.5378190950732742,-1.48148606,1.1335389083702174,1.7831886910752577,-1.292429824,,,
O=C(O)c1ccc2nc(CN3CCC(c4cccc(OCc5ccc(C6COC6)cc5F)n4)CC3)n(C[C@@H]3CCO3)c2c1,,,,,,,,-1.244887734,0.5378190950732742,,,1.8407332346118068,,,1.3010299956639813,
CCC(C(=O)Nc1ccc2nccnc2c1)n1cc(OC)c(-c2cc(Cl)ccc2-n2cc(C(F)F)nn2)cc1=O,,,,,,,,,,,-0.008773924,1.0492180226701815,,,,
CCCC(C(=O)Nc1ccc(C(N)=O)c(F)c1)n1cc(OC)c(-c2cc(Cl)ccc2-n2cc(Cl)nn2)cc1=O,,,,,,,,,,,0,0.9867717342662449,,,,
CCCC(C(=O)Nc1ccc(C(N)=O)c(F)c1)n1cc(OC)c(-c2cc(Cl)ccc2-n2cc(C(F)F)nn2)cc1=O,,,,,,,,,,,0.17609125905568124,1.1398790864012365,,,,
CCCC(C(=O)Nc1ccc(C(N)=O)c(F)c1)n1cc(OC)c(-c2cc(Cl)ccc2-n2cc(C(F)(F)F)nn2)cc1=O,,,,,0.25527250510330607,0.505149978319906,-1,,,,0.146128035678238,0.8750612633917001,,,,
C[C@@H](n1ccc2cc(Cl)ccc2c1=O)[C@](O)(Cn1cnnn1)c1ccc(F)cc1F,,,,,,,,,,,,,,0.08990511143939793,0.5145477526602861,
Cc1c(Br)cccc1N1CC(c2nc3ccccc3n2C)CC1=O,,,,,,,,,,,,1.4265112613645752,,,,
COc1c(Br)cccc1N1CC(c2nc3ccccc3n2C)CC1=O,,,,,,,,,,,,1.5646660642520893,,,,
CCOc1ccc2c(-c3ccc(C(=O)O)c(C4CCCC4)c3)ncnc2c1,,,-1.958607315,,-0.045757491,0.3979400086720376,-1.958607315,,,,-0.366531544,0.2787536009528289,-2.22184875,-0.356547324,0.09691001300805642,-1.823908741
CCOc1cc(F)c2c(-c3ccc(C(=O)O)c(C(C)C)c3)ncnc2c1,,,-2.522878745,,-0.356547324,0.11394335230683679,-1.698970004,-0.283996656,-0.283996656,-2.15490196,-0.244125144,0.2787536009528289,-1.920818754,,,
C=CC(=O)N(c1ccc(O[C@@H]2CC[C@@H](N)C2)cc1)[C@@H](C)c1ccc(C(F)(F)F)c(C#N)c1,,,,,,,,,,,,,,1.1139433523068367,1.9637878273455553,-0.769551079
C=CC(=O)N(c1ccc(O[C@@H]2CC[C@@H](N)C2)c(F)c1)[C@@H](C)c1ccc(Cl)cc1,,,,,,,,,,,,,,0.9867717342662449,1.9822712330395684,-1.229147988
C=CC(=O)N(c1ccc(O[C@@H]2CC[C@@H](NC(=O)N[C@@H]3CCS(=O)(=O)C3)C2)c(F)c1)[C@@H](C)c1ccc(Cl)cc1,,,,,,,,,,,,,,0.6020599913279624,1.792391689498254,-1.568636236
C[C@@H](c1ccc(Cl)cc1)N(C(=O)/C=C/CN(C)C)c1ccc(O[C@@H]2CC[C@@H](NC(=O)NC3CS(=O)(=O)C3)C2)c(F)c1,,,,,,,,,,,,,,0.6627578316815741,1.954242509439325,-1.070581074
C=CC(=O)N(c1ccc(O[C@@H]2CC[C@@H](NC(=O)N[C@@H]3CCS(=O)(=O)C3)C2)c(Cl)c1)[C@@H](C)c1ccc(Cl)cc1,,,,,,,,,,,,,,0.6127838567197355,2.0791812460476247,-1.886056648
Nc1cc(=O)n(C(=S)Nc2ccc(C3CCCCC3)cc2)[nH]1,,,,,,,,,,,,,,0.1673173347481761,1.2100508498751372,
COc1cc2nccc(Oc3c(F)cc(NC(=O)c4cnccc4OC)cc3F)c2cc1OCCO,,,,,0.3979400086720376,0.8260748027008264,,,,,-0.15490196,0.6812412373755872,,-0.397940009,0.6127838567197355,
COc1cc2nccc(Oc3c(F)cc(NC(=O)c4cnccc4OC)cc3F)c2cc1O[C@@H](C)CO,,,,,-0.15490196,0.5440680443502757,,,,,0.17609125905568124,1.0492180226701815,,0.04139268515822508,1.1553360374650619,
CCN1CCC[C@@H](Nc2ccc(-c3c(C)cc(C(F)(F)F)cc3O)nn2)C1,,,-0.744727495,,0.8221680793680175,1.130333768495006,-0.823908741,,,,0.4487063199050799,1.510545010206612,-0.698970004,0.7930916001765802,1.1430148002540952,-0.744727495
Nc1nc(-c2cn(Cc3c(F)cccc3Cl)c3ncccc23)ncc1C1CC1,,,,,,,,,,,,0.6989700043360189,,,,
C[C@@]1(O)CC[C@]23O[C@@]2(C)CC[C@H]2C(CS(=O)(=O)c4c(Cl)cccc4Cl)C(=O)O[C@@H]2[C@@H]13,,,,,,,,,,,0.8727388274726688,2.656194062179186,,,,
CC(=NNc1nc2cc(F)c(F)cc2n1C)c1ccc(F)cn1,,,,,,,,,,,,,,,1.3424226808222062,
CC(=NNc1nc2cc(F)c(F)cc2n1C)c1ncccn1,,,,,,,,,,,,,,,2.24551266781415,
CC(C)(O)c1csc(S(=O)(=O)NC(=O)Nc2c(-c3cccc(Cl)c3Cl)ccc3c2CCC3)c1,,,,,,,,,,,,,,-0.195179321,0.785329835010767,
CCC(=O)N1CCc2nc(Nc3ccc(C#N)cc3)nc(Oc3c(C)cc(C#N)cc3C)c2C1,,,,,,,,,,,-0.113509275,1.287801729930226,,,,
C[C@@H]1COCCN1c1cc(N=[S@@](C)(=O)C2CC2)nc(-c2ccnc(N)c2)n1,,,-0.346787486,,0.5563025007672873,1.3222192947339193,-0.259637311,0.3010299956639812,1.3617278360175928,-0.26760624,0.5910646070264992,1.9912260756924949,-0.318758763,0.6901960800285137,1.8388490907372552,-0.48148606
CNC(=O)c1ccc2c3c1CCN3CCNC2,,,,,0.14921911265537988,1.2624510897304295,,0.25527250510330607,1.2227164711475833,,0.2764618041732441,1.6464037262230695,,0.3873898263387294,1.99563519459755,
C[C@H]1CN2CCNCc3ccc(C(=O)NCC(F)F)c1c32,,,,,0.26717172840301384,1.3159703454569178,,0.6394864892685861,1.0606978403536116,,0.5670263661590603,1.7671558660821804,,0.4742162640762552,1.8375884382355112,
COc1cc2c(NCc3c(C)cc(C)[nH]c3=O)nc(N3CCC(F)(F)CC3)nc2cc1OCCCN1CCCC1,,,,,,,,,,,,1.1789769472931695,,,,-0.730487056
O=c1c2c([nH]c3nc(SCc4nc5ccccc5s4)nn13)CCC2,,,,,,,,,,,,1.2624510897304295,,,,
Cc1cnc(Nc2ccc(OCCCCCCC(O)=NO)cc2)nc1Nc1cccc(S(=O)(=O)NC(C)(C)C)c1,,,,,,,,,,,-0.073143291,1.8819549713396004,,,,
Cc1cnc(Nc2ccc(OCCCCCCC(O)=NO)c(F)c2)nc1Nc1cccc(S(=O)(=O)NC(C)(C)C)c1,,,,,,,,,,,-0.021819483,1.9925535178321356,,,,
C=CC(=O)Nc1cc(CNc2nc(Nc3ccc(N4CCOCC4)c(OC)c3)c(C(N)=O)c3nccn23)ccc1Cl,,,,,,,,,,,,,,1.167317334748176,1.9849771264154934,
Cn1cc(-c2ccc(CNc3cc(-c4cnc5cc(OCCCN6CCCC6)ccn45)ncn3)cc2)cn1,,,,,1.5390760987927767,1.5646660642520893,,1.0934216851622351,1.5646660642520893,,1.3654879848908996,1.5646660642520893,,1.0413926851582251,1.2624510897304295,
Cc1c(Nc2cc(Cc3cccc(C(F)(F)F)c3)ccn2)cccc1C(=O)NCCO,,,,,,,,,,,0.25527250510330607,1.5831987739686226,,,,
COc1cccc(Cc2ccnc(Nc3cccc(C(=O)NCCO)c3C)c2)c1,,,,,,,,,,,-0.259637311,2.768416088216332,,,,
Cn1c(=O)n(CCCO)c(=O)c2c1nc(C1(F)CCC(F)(F)CC1)n2Cc1ccc(F)cc1F,,,,,,,,,,,,,,0.3222192947339193,1.2304489213782739,-1.537602002
C=CC(=O)Nc1cccc(-c2c(-c3ccc(N4CCN(C)CC4)cc3)oc3ncnc(NCCO)c23)c1,,,,,,,,,,,0.6127838567197355,2.4771212547196626,,,,
C=CC(=O)Nc1cc(-c2c(-c3ccccc3)oc3ncnc(NC4CCCC4)c23)ccc1N(C)CCN(C)C,,,,,,,,,,,0.6720978579357175,1.7824726241662863,,,,
C=CC(=O)Nc1cc(-c2c(-c3ccccc3)oc3ncnc(NC(C)C)c23)ccc1N(C)CCN(C)C,,,,,,,,,,,0.8920946026904804,1.5670263661590604,,,,
C=CC(=O)Nc1cc(-c2c(-c3ccccc3)oc3ncnc(N[C@H]4C[C@@H](O)C4)c23)ccc1N(C)CCN(C)C,,,,,,,,,,,0.8260748027008264,1.9143431571194407,,,,
Cc1nc(NNC(=O)C(CC2CCCC2)CN(O)C=O)c(F)c(N2CCN3CCOC[C@@H]3C2)n1,-0.004364805,0.7708520116421442,,0.7558748556724915,,,,,,,,,,,,
CO[P@@](=O)(c1cc(C)cc(/C=C/C#N)c1)c1c(C(N)=O)[nH]c2ccc(Cl)c(F)c12,0.12710479836480765,0.35793484700045375,,0.8692317197309762,,,,,,,,,,,,
C[C@@]1(c2ccc(CCC(=O)O)cc2)C(=O)Nc2nc(-c3nn(CCC(F)(F)C(F)(F)F)c4cc(Cl)ccc34)nc(N)c21,-0.886056648,0.8382192219076258,,1.354108439147401,,,,,,,,,,,,
CCCCC[C@H](O)/C=C/[C@@H]1[C@H]2C/C(=C/CCCC(=O)O)O[C@H]2C[C@H]1O,-0.431798276,,,,,,,,,,,,,,,
CC(=O)OCC(=O)[C@@]1(O)CC[C@H]2[C@@H]3CC=C4CC(=O)CC[C@]4(C)[C@H]3[C@@H](O)C[C@@]21C,-0.096910013,0.6901960800285137,-1.301029996,0.21218760440395779,,,,,,,,,,,,
CCNC(=O)C1CC(n2ccc3c(NC(CC)Cc4sccc4Cl)ncnc32)[C@H](O)[C@@H]1O,-0.075720714,1.1072099696478683,,0.012837224705172217,,,,,,,,,,,,
N[C@@H](Cc1ccccn1)c1ccccc1,0.35410843914740087,0.287801729930226,-0.283996656,1.2068258760318498,,,,,,,,,,,,
COC(=O)N1CCC(CN2CCC(CNC(=O)c3cccc4[nH]c(C(C)C)nc34)CC2)CC1,,0.24551266781414982,,1.354108439147401,,,,,,,,,,,,
C[N@+]1(CC2CC2)CC[C@]23c4c5ccc(O)c4OC2C(=O)CC[C@@]3(O)[C@H]1C5,0.04139268515822508,1.021189299069938,-0.060480747,0.9489017609702137,,,,,,,,,,,,
O=C(CCC(C(=O)O)N1CCN(C(CCC(=O)NCC(O)CO)C(=O)O)Cc2cccc(n2)CN(C(CCC(=O)NCC(O)CO)C(=O)O)CC1)NCC(O)CO,-0.739928612,0.1553360374650618,,0.17609125905568124,,,,,,,,,,,,
CC1(C)OC[C@@H](COC(=O)CCc2ccc(OC[C@@H](O)CNCCNC(=O)N3CCOCC3)cc2)O1,-0.397940009,,,-1.27572413,,,,,,,,,,,,
C[S+](CCC(N)C(=O)[O-])C[C@H]1O[C@@H](n2cnc3c(N)ncnc32)[C@H](O)[C@@H]1O,-0.655607726,0.290479813330673,,0.11627558758054428,,,,,,,,,,,,
C[N+](C)(C)CCO,0.8286598965353198,1.53668467262093,,,,,,,,,,,,,,
NC(=O)CCC(N)C(=O)O,-0.698970004,,,0,,,,,,,,,,,,
NC(CCC(=O)NC(CS)C(=O)NCC(=O)O)C(=O)O,-0.754487332,0.943642882752129,,-0.628932138,,,,,,,,,,,,
C=C1C[C@H]2[C@@H]3CC=C4CC(=O)CCC4[C@H]3CC[C@]2(C)[C@@]1(OC(C)=O)C(C)=O,,,-1.301029996,,,,,,,,,,,,,
C[C@H]1C[C@H]2[C@@H]3CC=C4CC(=O)C=C[C@]4(C)[C@@]3(F)[C@@H](O)C[C@]2(C)[C@@]1(O)C(=O)COP(=O)(O)O,0.13033376849500614,0.456366033129043,,0.7466341989375788,,,,,,,,,,,,
O=C(Nc1cnn2ccc(N3CCC[C@@H]3c3cc(F)ccc3F)nc12)N1CC[C@H](O)C1,1.6812412373755872,,-0.522878745,,,,,,,,,,,,,
NC(=O)OC[C@H](N)Cc1ccccc1,,,-0.061980903,,,,,,,,,,,,,
CCn1c(=O)c(-c2cc(NC(=O)Nc3ccccc3)c(F)cc2Br)cc2cnc(NC)cc21,,,-2,,,,,,,,,,,,,
O=C(Nc1ccc(C[C@@H]2CC[C@H]([C@H](O)c3ccccc3)N2)cc1)C1CCc2nccc(=O)n21,,,-0.297569464,,,,,,,,,,,,,
CC(C)Oc1ccc(-c2nn([C@@H](C)c3oc4ccc(F)cc4c(=O)c3-c3cccc(F)c3)c3ncnc(N)c23)cc1F,,,-2.522878745,,,,,,,,,,,,,
Cc1ccc(NC(=O)C2CCCN(C(=O)c3c(C)cccc3F)[C@H]2c2ccc(NC3CCCC3)cc2)cc1C(F)(F)F,,,-3,,,,,,,,,,,,,
COc1ccc(-n2nccn2)c(C(=O)N2CCC[C@@]2(C)c2nc3c(C)c(Cl)ccc3[nH]2)c1,,,-2.522878745,,,,,,,,,,,,,
CC[C@@H]1CN(C(=O)NCC(F)(F)F)C[C@@H]1c1cnc2cnc3[nH]ccc3n12,,,-0.318758763,,,,,,,,,,,,,
CN1CCC(COc2cnc(-c3cccc(Cn4nc(-c5cccc(C#N)c5)ccc4=O)c3)nc2)CC1,,,-1.698970004,,,,,,,,,,,,,
Cn1cc(-c2cc3c(N4CCN(c5ncc([C@@](C)(N)c6ccc(F)cc6)cn5)CC4)ncnn3c2)cn1,,,-1.920818754,,,,,,,,,,,,,
CCCCCCOc1nsnc1C1=CCCN(C)C1,,,-1.301029996,,,,,,,,,,,,,
CC(=O)c1nn(CC(=O)N2C[C@H](F)CC2C(=O)Nc2cccc(Br)n2)c2ccc(-c3cnc(C)nc3)cc12,,,-1.070581074,,,,,,,,,,,,,
COC(=O)Nc1c(N)nc(-c2nn(Cc3ccccc3F)c3ncc(F)cc23)nc1N,,,-1.698970004,,,,,,,,,,,,,
CC(C)c1cccc([C@H](C)C2CC2)c1O,,1.3729120029701065,,0.17609125905568124,,,,,,,,,,,,
CC[C@H]1c2cc3[nH]c(c(CC(=O)OC)c4nc(cc5[nH]c(cc(n2)C1C)c(C(C)=O)c5C)[C@@H](C)C4CCC(=O)O)c(C(=O)NCCS(=O)(=O)O)c3C,-0.554395797,0.1673173347481761,-2,0.07554696139253074,,,,,,,,,,,,
C1=C/COCc2cc(ccc2OCCN2CCCC2)Nc2nccc(n2)-c2cccc(c2)COC/1,0.5820633629117087,-0.236572006,-2,1.4424797690644486,,,,,,,,,,,,
C=C1CC[C@]2(O)[C@@H]3Cc4ccc(O)c5c4[C@]2(CCN3CC2CC2)[C@@H]1O5,,1.1583624920952498,,,,,,,,,,,,,,
C=C1C[C@@H]2C(CC[C@]3(C)C(=O)CC[C@@H]23)[C@]2(C)C=CC(=O)C=C12,,2.161368002234975,,,,,,,,,,,,,,
C=CC(=O)N1CC[C@H](n2nc(C#Cc3cc(OC)cc(OC)c3)c3c(N)ncnc32)C1,0.04139268515822508,0.7450747915820575,-1.301029996,0.4623979978989561,,,,,,,,,,,,
C=CC[C@]1([C@H](C)C#CCC)C(=O)NC(=O)N(C)C1=O,,1.1248301494138593,,,,,,,,,,,,,,
C=CCN1CC[C@@]23c4c5ccc(O)c4OC2C(=O)CC[C@]3(O)[C@@H]1C5,,1.3710678622717363,,,,,,,,,,,,,,
C=CCN1CCc2nc(N)sc2CC1,,0.8680563618230416,,,,,,,,,,,,,,
C=CCc1ccccc1OC[C@H](O)CNC(C)C,,0.8109042806687004,,,,,,,,,,,,,,
C=C[C@@H]1C[N@@]2CC[C@H]1C[C@@H]2[C@@H](O)c1ccnc2ccc(OC)cc12,,0.5877109650189114,,,,,,,,,,,,,,
C=C[C@H](N)CCC(=O)O,,-0.13076828,,,,,,,,,,,,,,
C=c1c(N)c(O)c2c(c1O)N1C[C@@H]3N[C@@H]3[C@@]1(OC)C=2COC(N)=O,,0.9153998352122699,,,,,,,,,,,,,,
CC(=O)C1CC[C@H]2[C@@H]3CC[C@H]4C[C@](C)(O)CC[C@]4(C)[C@H]3CC[C@]12C,,,-2,1.5314789170422551,,,,,,,,,,,,
CC(=O)N(C[C@H](O)CO)c1c(I)c(C(=O)NCCO)c(I)c(C(=O)NC[C@H](O)CO)c1I,,0.15836249209524964,,,,,,,,,,,,,,
CC(=O)NC(CCS)C(=O)O,,0.31386722036915343,,,,,,,,,,,,,,
CC(=O)OCC1=C(C(=O)O)N2C(=O)C(NC(=O)CSc3ccncc3)[C@@H]2SC1,,0.8034571156484139,,,,,,,,,,,,,,
CC(=O)OCC1=C(C(=O)O)N2C(=O)C(NC(=O)Cc3cccs3)[C@@H]2SC1,,0.8260748027008264,,,,,,,,,,,,,,
CC(=O)O[C@H](CC(=O)[O-])C[N+](C)(C)C,,0.16136800223497488,,,,,,,,,,,,,,
CC(=O)Oc1cc(C(F)(F)F)ccc1C(=O)O,,1.0297894708318556,,,,,,,,,,,,,,
CC(=O)N1CCN(c2ccc(OC[C@@H]3CO[C@](Cn4ccnc4)(c4ccc(Cl)cc4Cl)O3)cc2)CC1,,0.9242792860618817,,,,,,,,,,,,,,
CC(C)(C)NC[C@@H](O)COc1cccc2c1C[C@H](O)[C@@H](O)C2,,0.46834733041215726,,,,,,,,,,,,,,
CC(C)(C)NC[C@@H](O)COc1cccc2c1SCCC2,,0.26951294421791633,,,,,,,,,,,,,,
CC(C)(C)NC[C@@H](O)COc1nsnc1N1CCOCC1,,0.9084850188786497,,,,,,,,,,,,,,
CC(C)(C)NC[C@@H](O)c1cc(O)cc(O)c1,,0.6020599913279624,,,,,,,,,,,,,,
CC(C)(C)NC[C@@H](O)c1ccc(O)c(CO)c1,,0.8970770032094203,,,,,,,,,,,,,,
CC(C)(ON=C(C(=O)CC1C(=O)N2C(C(=O)O)=C(C[n+]3ccccc3)CS[C@H]12)c1csc(N)n1)C(=O)[O-],,0.2741578492636798,,,,,,,,,,,,,,
CC(C)NC(=O)COc1cccc(-c2nc(Nc3ccc4[nH]ncc4c3)c3ccccc3n2)c1,0.48713837547718647,0.436162647040756,,1.2787536009528289,,,,,,,,,,,,
CC(C)[C@@H](C)[C@@]1(C)CC[C@]2(C)[C@H]3CC[C@@H]4[C@@]5(COC[C@@]4(C)[C@@H](OC[C@](C)(N)C(C)(C)C)[C@H](n4ncnc4-c4ccncc4)C5)C3=CC[C@@]2(C)C1C(=O)O,1,,-2,1.3010299956639813,,,,,,,,,,,,
CC(C)[N+](C)(CCOC(=O)C1c2ccccc2Oc2ccccc21)C(C)C,,1.2755416884013095,,,,,,,,,,,,,,
CC(C)N(CC[C@@](C(N)=O)(c1ccccc1)c1ccccn1)C(C)C,,0.43136376415898736,,,,,,,,,,,,,,
CC(C)NC[C@@H](O)COc1ccc(CC(N)=O)cc1,,0.40483371661993806,,,,,,,,,,,,,,
CC(C)NC[C@@H](O)COc1ccc(CCOCC2CC2)cc1,,0.6720978579357175,,,,,,,,,,,,,,
CC(C)NC[C@@H](O)COc1ccc(COCCOC(C)C)cc1,,0.5502283530550941,,,,,,,,,,,,,,
CC(C)NC[C@@H](O)COc1cccc2[nH]ccc12,,0.8859263398014311,,,,,,,,,,,,,,
CC(C)NC[C@@H](O)COc1cccc2ccccc12,,1.1357685145678222,,,,,,,,,,,,,,
CC(C)NC[C@@H](O)c1ccc(NS(C)(=O)=O)cc1,,0.33041377334919086,,,,,,,,,,,,,,
CC(C)Nc1nc2cc(Cl)c(Cl)cc2n1[C@H]1O[C@@H](CO)[C@H](O)[C@@H]1O,-0.337242168,-0.102372909,-1.698970004,0.6354837468149122,,,,,,,,,,,,
CC(CO)(CO)NCc1cc2c3ccccc3ccc2c2ccccc12,,0.926342446625655,,,,,,,,,,,,,,
CC(NC(CCc1ccccc1)C(=O)O)C(=O)N1C(C(=O)O)C[C@@H]2CCCC[C@@H]21,,0.22271647114758325,,,,,,,,,,,,,,
CC/C(=C(/c1ccccc1)c1ccc(OCCN(C)C)cc1)c1ccccc1,,0.146128035678238,,,,,,,,,,,,,,
CC1(C)S[C@H]2C(NC(=O)C(NC(=O)N3CCNC3=O)c3ccccc3)C(=O)N2C1C(=O)O,,0.4014005407815441,,,,,,,,,,,,,,
CC1(C)S[C@H]2C(NC(=O)C(NC(=O)N3CCN(S(C)(=O)=O)C3=O)c3ccccc3)C(=O)N2C1C(=O)O,,0.4329692908744057,,,,,,,,,,,,,,
CC12CCC(=O)C=C1C1CC1C1C2CCC2(C)C1C1CC1C21CCC(=O)O1,,,-1.397940009,1.5314789170422551,,,,,,,,,,,,
CC1=C2CC(=O)C=C[C@]2(C)[C@@H]2[C@@H](C1)[C@@H]1CC[C@](O)(C(=O)CO)[C@@]1(C)C[C@H]2O,,0.7395723444500919,,,,,,,,,,,,,,
CCC(=O)C(C[C@H](C)N(C)C)(c1ccccc1)c1ccccc1,,0.24797326636180664,,,,,,,,,,,,,,
CCC(C)(C)C(=O)O[C@@H]1C[C@H](C)C=C2C=C[C@@H](C)[C@H](CC[C@@H](O)C[C@@H](O)CC(=O)O)[C@H]21,,0.8808135922807914,,,,,,,,,,,,,,
CCC(C)C(=O)O[C@@H]1C[C@@H](O)C=C2C=C[C@@H](C)[C@H](CC[C@H](O)C[C@H](O)CC(=O)O)[C@H]21,,0.9294189257142927,,,,,,,,,,,,,,
CCC1=C(C)CN(C(=O)NCCc2ccc(S(=O)(=O)NC(=O)NC3CCC(C)CC3)cc2)C1=O,,-0.119186408,,,,,,,,,,,,,,
CCCC(=O)Nc1ccc(OC[C@H](O)CNC(C)C)c(C(C)=O)c1,,1.0413926851582251,,,,,,,,,,,,,,
CCCC(NC(C)C(=O)N1C(C(=O)O)C[C@@H]2CCCC[C@H]21)C(=O)OCC,,0.791690649020118,,,,,,,,,,,,,,
CCCC(NC(C)C(=O)N1C(C(=O)O)C[C@@H]2CCCC[C@H]21)C(=O)O,,1.039414119176137,,,,,,,,,,,,,,
CCCCC1(CCCC)CN(c2ccccc2)c2cc(SC)c(OCC(=O)NC(C(=O)NC(CC)C(=O)O)c3ccc(O)cc3)cc2S(=O)(=O)N1,,,-2,0.37291200297010657,,,,,,,,,,,,
CCCCC1(CCCC)CS(=O)(=O)c2ccc(N(C)C)cc2[C@@H](c2ccc(OCc3ccc(C[N+]45CCN(CC4)CC5)cc3)cc2)[C@H]1O,,,-1.045757491,0.2041199826559248,,,,,,,,,,,,
CCCCCCCN(CC)CCC[C@@H](O)c1ccc(NS(C)(=O)=O)cc1,,1.462397997898956,,,,,,,,,,,,,,
CCCCC[C@H](O)CC[C@@H]1C2Cc3cccc(OCC(=O)O)c3C[C@@H]2C[C@@H]1O,,0.8536982117761743,,,,,,,,,,,,,,
CCCCCc1cc(O)c2c(c1)OC(C)(C)[C@H]1CCC(C)=C[C@H]21,,0.5224442335063199,,,,,,,,,,,,,,
CCCC[C@@H]1CC(=O)[C@]2(O)O[C@H]3[C@@H](NC)[C@@H](O)[C@@H](NC)[C@H](O)[C@@H]3O[C@@H]2O1,,0.2787536009528289,,,,,,,,,,,,,,
CCCC[C@](C)(O)C/C=C\[C@H]1C(CCCCCCC(=O)OC)C(=O)C[C@@H]1O,,2.380211241711606,,,,,,,,,,,,,,
CCCCN(CCCC)C[C@H](O)c1cc(Cl)cc2c1-c1ccc(Cl)cc1/C2=C/c1ccc(Cl)cc1,,0.5526682161121932,,,,,,,,,,,,,,
CCC[C@H](C)C1(CC)C(=O)NC(=S)NC1=O,,0.48000694295715063,,,,,,,,,,,,,,
CCC[C@H]1CC(C(=O)N[C@@H]([C@H]2O[C@@H](SC)[C@H](O)[C@@H](O)[C@@H]2O)[C@H](C)Cl)N(C)C1,,0.7032913781186614,,,,,,,,,,,,,,
CCC[C@H]1CC(C(=O)N[C@@H]([C@H]2O[C@@H](SC)[C@H](O)[C@@H](O)[C@@H]2O)[C@H](C)O)N(C)C1,,0.2966651902615311,,,,,,,,,,,,,,
CCCNC[C@@H](O)COc1ccccc1C(=O)CCc1ccccc1,,1.2787536009528289,,,,,,,,,,,,,,
CCCN[C@@H]1CCc2nc(N)sc2C1,,0.9138138523837167,,,,,,,,,,,,,,
CCN(CC)c1cc(C)n2ncnc2n1,,0.5786392099680724,,,,,,,,,,,,,,
CCN1CC(C(=O)O)C(=O)c2ccc(-c3ccncc3)cc21,,0.3010299956639812,,,,,,,,,,,,,,
CCOC(=O)C(CCc1ccccc1)NC(C)C(=O)N1C(C(=O)O)C[C@@H]2CCCC[C@H]21,,1.0927206446840991,,,,,,,,,,,,,,
CCOC(=O)C1=C(C)N=C(C)C(C(=O)OC)[C@@H]1c1cccc(Cl)c1Cl,,1.064083435963596,,,,,,,,,,,,,,
CCOC(=O)C1=C(COCCN)N=C(C)C(C(=O)OC)[C@@H]1c1ccccc1Cl,,0.7708520116421442,,,,,,,,,,,,,,
CCOC(=O)Nc1c[n+](N2CCOCC2)no1,,0.9786369483844743,,,,,,,,,,,,,,
CCOC(=O)NNc1ccc(N(CC)C[C@@H](C)O)nn1,,0.5786392099680724,,,,,,,,,,,,,,
CCOCCn1c(N2CCCN(C)CC2)nc2ccccc21,,1.0976043288744108,,,,,,,,,,,,,,
CCOCn1c(Cc2ccccc2)c(C(C)C)c(=O)[nH]c1=O,,1.455910240382743,,,,,,,,,,,,,,
CCOc1cc(N)c(Cl)cc1C(=O)NC[C@H]1CN(Cc2ccc(F)cc2)CCO1,,1.2092468487533738,,,,,,,,,,,,,,
CC[C@H](CO)NCCN[C@@H](CC)CO,,0.9057958803678685,,,,,,,,,,,,,,
CC[C@H](OC(C)=O)C(C[C@@H](C)N(C)C)(c1ccccc1)c1ccccc1,,0.6117233080073418,,,,,,,,,,,,,,
CC[C@]1(C)CC(=O)NC1=O,,-0.721246399,,,,,,,,,,,,,,
CC[C@]1(O)C(=O)OCc2c1cc1n(c2=O)Cc2cc3c(CN(C)C)c(O)ccc3nc2-1,,1.0711452904510828,,,,,,,,,,,,,,
CCN(CC)C(=O)N[C@H]1C[C@@H]2c3cccc4[nH]cc(c34)C[C@H]2N(C)C1,,1.2041199826559248,,,,,,,,,,,,,,
CCN(CC)CC#CCOC(=O)[C@](O)(c1ccccc1)C1CCCCC1,,0.9084850188786497,,,,,,,,,,,,,,
CCN(CC)CCC[C@@H](C)Nc1ccnc2cc(Cl)ccc12,,0.8506462351830665,,,,,,,,,,,,,,
CCN1CCCC1CNC(=O)c1c(OC)ccc(Br)c1OC,,0.2304489213782739,,,,,,,,,,,,,,
CCN1CCC[C@@H]1CNC(=O)c1cc(S(=O)(=O)CC)c(N)cc1OC,,0.8920946026904804,,,,,,,,,,,,,,
CCN1CCC[C@@H]1CNC(=O)c1cc(S(=O)(=O)CC)ccc1OC,,0.756636108245848,,,,,,,,,,,,,,
CCN1CCN(c2ccc(Nc3cc(N(C)C(=O)Nc4c(Cl)c(OC)cc(OC)c4Cl)ncn3)cc2)CC1,1.426023015689876,0.9633155113861113,-1.522878745,1.5250448070368452,,,,,,,,,,,,
CCN1C[C@@H](CCN2CCOCC2)C(c2ccccc2)(c2ccccc2)C1=O,,0.7596678446896304,,,,,,,,,,,,,,
CCNC[C@H](O)c1ccc(O)cc1,,1.1344958558346736,,,,,,,,,,,,,,
CCc1cccc2cc([C@H](O)CNC(C)(C)C)oc12,,0.8864907251724818,,,,,,,,,,,,,,
CN(C)c1ccc(O)c2c1C[C@@H]1C[C@@H]3C(N(C)C)C(=O)C(C(N)=O)C(=O)[C@@]3(O)C(=O)C1C2=O,,-0.050609993,,,,,,,,,,,,,,
CN1C(=O)NC(=O)[C@@](C)(C2=CCCCC2)C1=O,,0.5563025007672873,,,,,,,,,,,,,,
CN1c2c(oc(=O)n(-c3ccccn3)c2=O)-c2ccccc2S1(=O)=O,,,,,,,,,,,,,,,,
CN1c2ccccc2[C@H](NCCCCCCC(=O)O)c2ccc(Cl)cc2S1(=O)=O,,0.5352941200427705,,,,,,,,,,,,,,
CNS(=O)(=O)CCC1CCC2[N]CC(C3CCN(C)CC3)C2C1,,0.8027737252919757,,,,,,,,,,,,,,
COC(=O)C(c1ccccc1)C1CCCCN1C(=O)OC[n+]1cccc(C(=O)NC(CO)C(=O)[O-])c1,1.4668676203541096,1.7781512503836436,-0.356547324,0.7558748556724915,,,,,,,,,,,,
COC(=O)C(c1ccccc1)[C@@H]1CCCCN1,,0.9749719942980689,,,,,,,,,,,,,,
COC(=O)C1=C(C)N=C(C)C(C(=O)OC(C)C)[C@H]1c1cccc2nonc12,,0.9786369483844743,,,,,,,,,,,,,,
COC(=O)C1C=C2CC(=O)CC[C@]2(C)[C@@]23O[C@H]2C[C@@]2(C)[C@H](CC[C@]24CCC(=O)O4)[C@@H]13,,0.37657695705651195,,,,,,,,,,,,,,
COC(=O)C1[C@H](OC(=O)c2ccccc2)CC2CC[C@@H]1N2C,,1.505149978319906,,,,,,,,,,,,,,
COCC(=O)Nc1c(I)c(C(=O)NC[C@H](O)CO)c(I)c(C(=O)N(C)C[C@H](O)CO)c1I,,0.1846914308175988,,,,,,,,,,,,,,
COCCCOc1ccnc(C[S@@+](O)c2nc3ccccc3[n-]2)c1C,,0.7781512503836436,,,,,,,,,,,,,,
COC[C@H]1CN=C(c2ccccc2Cl)c2cc(Br)ccc2N1C,,1.0437551269686796,,,,,,,,,,,,,,
COCc1c(-c2ccc(F)cc2)c(=CC[C@H](O)C[C@H](O)CC(=O)O)c(C(C)C)nc1=C(C)C,,0.4742162640762552,,,,,,,,,,,,,,
COCc1c(C(=O)OC(C)C)ncc2[nH]c3ccc(OCc4ccccc4)cc3c12,,1.1139433523068367,,,,,,,,,,,,,,
CON=C(C(=O)NC1C(=O)N2C(C(=O)O)=C(C)CS[C@@H]12)c1csc(N)n1,,0.3010299956639812,,,,,,,,,,,,,,
CON=C(C(=O)NC1C(=O)N2C(C(=O)[O-])=C(C[n+]3cccc4c3CCC4)CS[C@@H]12)c1csc(N)n1,,0.2966651902615311,,,,,,,,,,,,,,
CON=C(C(=O)NC1C(=O)N2C(C(=O)[O-])C(=C[N+]34CCC(C(N)=O)(CC3)CC4)CSC12)c1nsc(N)n1,-0.568636236,0.2304489213782739,,,,,,,,,,,,,,
COP(=O)(OC)[C@H](O)C(Cl)(Cl)Cl,,0.7535830588929066,,,,,,,,,,,,,,
CO[C@]1(NC(=O)C(C(=O)O)c2ccc(O)cc2)C(=O)N2C(C(=O)O)=C(CSc3nnnn3C)CO[C@@H]21,,0.12057393120584989,,,,,,,,,,,,,,
CO[C@]1(NC(=O)CSCC#N)C(=O)N2C(C(=O)O)=C(CSc3nnnn3C)CS[C@H]21,,0.2648178230095365,,,,,,,,,,,,,,
CO[C@]1(NC(=O)Cc2cccs2)C(=O)N2C(C(=O)O)=C(COC(N)=O)CS[C@@H]21,,0.4608978427565479,,,,,,,,,,,,,,
CO[C@]1(NC(O)=c2sc(=C(C(N)=O)C(=O)O)s2)C(=O)N2C(C(=O)O)=C(CSc3nnnn3C)CS[C@@H]21,,-0.200659451,,,,,,,,,,,,,,
COc1c(N2CCN[C@@H](C)C2)c(F)cc2c(=O)c(C(=O)O)cn(C3CC3)c12,,0.4548448600085102,,,,,,,,,,,,,,
COc1cc(Cc2cnc(N)nc2N)cc(OC)c1Br,,-0.22184875,,,,,,,,,,,,,,
COc1cc(N)c(Cl)cc1C(=O)N[C@H]1CCN(CCCOc2ccc(F)cc2)C[C@@H]1OC,,0.6242820958356683,,,,,,,,,,,,,,
COc1cc2nccc(Oc3ccc(NC(=O)Nc4cc(C)on4)c(Cl)c3)c2cc1OC,0.31175386105575426,-0.677780705,-2,2.0453229787866576,,,,,,,,,,,,
COc1ccc(C(=O)Nc2ccccc2CC[C@@H]2CCCCN2C)cc1,,2.2483166403417796,,,,,,,,,,,,,,
COc1ccc(NC(=O)/C=C(C)\C=C\C=C(C)/C=C/C2=C(C)CCCC2(C)C)cc1,,1.995020606124758,,,,,,,,,,,,,,
COc1ccc(OC)c(Cc2cnc3nc(N)nc(N)c3c2C)c1,,0.3443922736851107,,,,,,,,,,,,,,
COc1ccc2c(c1)N[C@@H]([S@@+](O)Cc1ncc(C)c(OC)c1C)N2,,0.5809249756756193,,,,,,,,,,,,,,
COc1ccc2c3c1OC1C(=O)CC[C@@H]4[C@H](C2)N(C)CC[C@@]314,,0.9454685851318197,,,,,,,,,,,,,,
COc1ccc2c3c1OC1C(=O)CC[C@]4(O)[C@H](C2)N(C)CC[C@@]314,,1.0580462303952818,,,,,,,,,,,,,,
COc1ccc2c3c1O[C@@H]1[C@@H](O)C=C[C@@H]4[C@H](C2)N(C)CC[C@]341,,1.0413926851582251,,,,,,,,,,,,,,
COc1cccc2c(O)c3c(c(O)c12)C(=O)C1=C(C[C@](O)(C(=O)CO)C[C@@H]1O[C@@H]1C[C@H](N)[C@@H](O)[C@H](C)O1)C3=O,,1.2164298308762511,,,,,,,,,,,,,,
COc1ccnc(C[S@@+](O)c2nc3cc(OC(F)F)ccc3[n-]2)c1OC,,0.4099331233312945,,,,,,,,,,,,,,
CS(=O)(=O)c1ccc([C@H](O)[C@@H](CO)NC(=O)C(Cl)Cl)cc1,,0.41830129131974547,,,,,,,,,,,,,,
CSc1ccc(OCc2ncc([N+](=O)[O-])n2C)cc1,,,-1.698970004,,,,,,,,,,,,,
C[C@@H](CCc1ccc(O)cc1)NCCc1ccc(O)c(O)c1,,1.7708520116421442,,,,,,,,,,,,,,
C[C@H](CN1CCN(CCOCCO)CC1)CN1c2ccccc2Sc2ccccc21,,1.2440295890300217,,,,,,,,,,,,,,
C[C@@H](O)C1C(=O)N2C(C(=O)O)=C(S[C@@H]3CNC(C(=O)N(C)C)C3)[C@H](C)[C@@H]12,,0.5428254269591799,,,,,,,,,,,,,,
C[C@@H](O)C1C(=O)N2C(C(=O)O)=C(S[C@H]3CNC(C(=O)Nc4cccc(C(=O)O)c4)C3)[C@H](C)[C@@H]12,,-0.397940009,,,,,,,,,,,,,,
C[C@@H](O[C@@H]1OCCN(Cc2n[nH]c(=O)[nH]2)[C@H]1c1ccc(F)cc1)c1cc(C(F)(F)F)cc(C(F)(F)F)c1,,0.029383777685209667,,,,,,,,,,,,,,
C[C@@H](c1cc2ccccc2s1)N(O)C(N)=O,,0.8536982117761743,,,,,,,,,,,,,,
C[C@@H]1C(=NC(=O)C(NOC(C)(C)C(=O)O)c2csc(N)n2)C(=O)N1S(=O)(=O)O,,0.28103336724772754,,,,,,,,,,,,,,
C[C@@H]1CCC[C@@H](C)N1CCC[C@@](O)(c1ccccc1)c1ccccn1,,0.3692158574101428,,,,,,,,,,,,,,
C[C@@H]1COc2c(N3CCN(C)CC3)c(F)c(C(=O)O)c3c(=O)ccn1c23,,0.5440680443502757,,,,,,,,,,,,,,
C[C@@H]1COc2c(N3CCN(C)CC3)c(F)cc3c(=O)c(C(=O)O)cn1c23,,0.41161970596323016,,,,,,,,,,,,,,
C[C@@H]1C[C@H]2[C@@H]3C[C@H](F)C4=CC(=O)C=C[C@]4(C)[C@@]3(F)[C@H](O)C[C@]2(C)[C@@]1(O)C(=O)SCF,,1.1934029030624176,,,,,,,,,,,,,,
C[C@@H]1[C@H](c2c(F)ccc(F)c2F)CC(NC(=O)c2cnc3c(c2)C[C@@]2(C3)C(=O)Nc3ncccc32)C(=O)N1CC(F)(F)F,0.6875289612146344,0.7226339225338123,-1.301029996,1.0413926851582251,,,,,,,,,,,,
CC1c2cccc(O)c2C(=O)C2C(=O)[C@]3(O)C(=O)C(C(N)=O)C(=O)C(N(C)C)[C@H]3[C@H](O)[C@H]21,,-0.283996656,,,,,,,,,,,,,,
C[C@H](CC(c1ccccc1)c1ccccc1)NC(C)(C)C,,-0.022276395,,,,,,,,,,,,,,
C[C@H](CCc1ccccc1)NC[C@@H](O)c1ccc(O)c(C(N)=O)c1,,1.4487063199050798,,,,,,,,,,,,,,
C[C@@H](CN(C)C)CN1c2ccccc2CCc2ccccc21,,1.2013971243204515,,,,,,,,,,,,,,
C[C@H](CN1CC(=O)NC(=O)C1)N1CC(=O)NC(=O)C1,,0.6454222693490919,,,,,,,,,,,,,,
C[C@H](O)C1C(=O)N2C(C(=O)[O-])=C(SC3Cn4cnc[n+]4C3)[C@@H](C)[C@@H]12,,0.4424797690644486,,,,,,,,,,,,,,
C[C@H](NCCC(c1ccccc1)c1ccccc1)c1ccccc1,,1.3010299956639813,,,,,,,,,,,,,,
C[C@H]1CN(c2cc3c(cc2F)c(=O)c(C(=O)O)cn3-c2ccc(F)cc2F)CCN1,,0.5037906830571811,,,,,,,,,,,,,,
C[C@H]1CO[C@@H]2Cn3cc(C(=O)NCc4ccc(F)cc4F)c(=O)c(O)c3C(=O)N12,,,-0.318758763,,,,,,,,,,,,,
C[C@H]1CN(C2CCC(C#N)(c3ccc(F)cc3)CC2)CC[C@]1(C(=O)O)c1ccccc1,,-0.366531544,,,,,,,,,,,,,,
C[C@](O)(CS(=O)(=O)c1ccc(F)cc1)C(=O)Nc1ccc(C#N)c(C(F)(F)F)c1,,0.5646660642520893,,,,,,,,,,,,,,
C[C@]1(Cn2ccnn2)C(C(=O)O)N2C(=O)C[C@@H]2S1(=O)=O,,0.4638929889859073,,,,,,,,,,,,,,
C[C@]12C=CC(=O)C=C1CC[C@H]1[C@@H]3C[C@@H](O)[C@](O)(C(=O)CO)[C@@]3(C)C[C@@H](O)[C@@]12F,,1.1162755875805443,,,,,,,,,,,,,,
C[C@]12C=CC(=O)N[C@@H]1CC[C@@H]1[C@H]2CC[C@]2(C)C(C(=O)Nc3cc(C(F)(F)F)ccc3C(F)(F)F)CC[C@@H]12,,-0.853871964,,,,,,,,,,,,,,
C[C@]12CC[C@@H]3C4=C(CC[C@H]3[C@@H]1CC[C@@H]2O)CC(=O)CC4,,1.426023015689876,,,,,,,,,,,,,,
C[C@]12CC[C@@H]3c4ccc(O)cc4CC[C@H]3[C@@H]1[C@@H](O)[C@@H](O)[C@@H]2O,,,-0.283996656,1.4313637641589874,,,,,,,,,,,,
CN(C)CCC(c1ccccc1)c1ccccn1,,0.33041377334919086,,,,,,,,,,,,,,
CN(C)CCC[C@]1(c2ccc(F)cc2)OCc2cc(C#N)ccc21,,0.7168377232995244,,,,,,,,,,,,,,
CN(C)CCOc1ccc(/C(=C(\CCCl)c2ccccc2)c2ccccc2)cc1,,0.08278537031645007,,,,,,,,,,,,,,
CN(C)C1C(=O)C(C(N)=O)C(=O)[C@]2(O)C(=O)C3C(=O)c4c(O)cccc4[C@@](C)(O)[C@H]3C[C@@H]12,,0.22271647114758325,,,,,,,,,,,,,,
CN(C[C@H](O)CO)C(=O)c1c(I)c(NC(=O)C(CO)CO)c(I)c(C(=O)N(C)C[C@H](O)CO)c1I,,0.12385164096708581,,,,,,,,,,,,,,
CN1CCC[C@@H](n2nc(Cc3ccc(Cl)cc3)c3ccccc3c2=O)CC1,,0.9206450014067876,,,,,,,,,,,,,,
CN1CCC[C@@H]1c1cccnc1,,1.2671717284030137,,,,,,,,,,,,,,
CN1CCN(c2c(F)cc3c(=O)c(C(=O)O)cn4c3c2SCC4)CC1,,-0.244125144,,,,,,,,,,,,,,
CN1CC[C@@]23c4c5ccc(O)c4OC2C(=O)CC[C@@H]3[C@@H]1C5,,1.2823955047425255,,,,,,,,,,,,,,
CN1CC[C@@]23c4c5ccc(O)c4O[C@@H]2[C@@H](O)C=C[C@@H]3[C@@H]1C5,,1.3891660843645324,,,,,,,,,,,,,,
CN1CCN(/C=C2/N=C3CN=C(c4ccccc4Cl)c4cc([N+](=O)[O-])ccc4N3C2=O)CC1,,0.7067177823367587,,,,,,,,,,,,,,
CN1CCN2c3ncccc3Cc3ccccc3[C@@H]2C1,,0.9164539485499251,,,,,,,,,,,,,,
CN=C1CN(O)C(c2ccccc2)=c2cc(Cl)ccc2=N1,-0.602059991,-0.431798276,,,,,,,,,,,,,,
CNCC[C@H](Oc1ccc(C(F)(F)F)cc1)c1ccccc1,,0.9822712330395684,,,,,,,,,,,,,,
CNCC[C@H](Oc1ccccc1C)c1ccccc1,,0.5599066250361125,,,,,,,,,,,,,,
CNC[C@@H](O)c1cccc(O)c1,,1.4756711883244296,,,,,,,,,,,,,,
CNCc1cc(-c2ccccc2F)n(S(=O)(=O)c2cccnc2)c1,1.1154440834362396,1.3537880447626784,-0.853871964,0.8325089127062363,,,,,,,,,,,,
CN[C@@]1(c2ccccc2Cl)CCCCC1=O,,1.212187604403958,,,,,,,,,,,,,,
CN[C@H](C)[C@H](O)c1ccccc1,,0.865103974641128,,,,,,,,,,,,,,
CN[C@H]1CC[C@H](c2ccc(Cl)c(Cl)c2)c2ccccc21,,1.5797835966168101,,,,,,,,,,,,,,
CN[C@H]1CCc2[nH]c3ccc(C(N)=O)cc3c2C1,,0.4899584794248346,,,,,,,,,,,,,,
Cc1c(OCC(F)(F)F)ccnc1C[S@@+](O)c1nc2ccccc2[n-]1,,0.7944880466591696,,,,,,,,,,,,,,
Cc1ccc2[nH]c(N)nc(=O)c2c1Sc1ccncc1,,0.37291200297010657,,,,,,,,,,,,,,
Cc1cccc(C)c1OC[C@@H](C)N,,0.7993405494535817,,,,,,,,,,,,,,
Cc1ccccc1OC[C@@H](O)CNCCOc1ccc(C(N)=O)cc1,,1.0334237554869496,,,,,,,,,,,,,,
Cc1cn([C@@H]2C=C[C@H](CO)O2)c(=O)[nH]c1=O,,0.9159272116971158,,,,,,,,,,,,,,
Cc1nc(C)c2c(n1)N(Cc1ccc(-c3ccccc3-c3nn[nH]n3)cc1)C(=O)CC2,,0.8555191556678001,,,,,,,,,,,,,,
Cc1ncc([N+](=O)[O-])n1C[C@@H](C)O,,-0.397940009,,,,,,,,,,,,,,
Cn1cnc([N+](=O)[O-])c1Sc1[nH]cn[c+]2[n-]cnc12,,1.7558748556724915,,,,,,,,,,,,,,
Fc1ccc([C@H]2CCNC[C@@H]2COc2ccc3c(c2)OCO3)cc1,,0.8325089127062363,,,,,,,,,,,,,,
N=C=N,,1.3010299956639813,,,,,,,,,,,,,,
NC(=O)CN1CCCC1=O,,0.11394335230683679,,,,,,,,,,,,,,
NC(=O)C[S@+](O)C(c1ccccc1)c1ccccc1,,-0.055517328,,,,,,,,,,,,,,
NC(=O)c1cc[n+](CC2=C(C(=O)O)N3C(=O)C(NC(=O)C(c4ccccc4)S(=O)(=O)[O-])[C@@H]3SC2)cc1,,0.28330122870354957,,,,,,,,,,,,,,
NC(=O)c1ccc2c(c1O)[C@]13CCN(CC4CC4)[C@H](C2)[C@]1(O)CCC(=O)C3,,1.0457140589408676,-0.142667504,0.9542425094393249,,,,,,,,,,,,
NC(=O)c1cnn([C@H]2O[C@@H](CO)[C@@H](O)[C@@H]2O)n1,,0.6989700043360189,,,,,,,,,,,,,,
NC(=O)c1ncn([C@H]2O[C@H](CO)[C@@H](O)[C@@H]2O)c1N,,1.619823500457278,,,,,,,,,,,,,,
Nc1ccn(C[C@H](CO)OCP(=O)(O)O)c(=O)n1,,0.36172783601759284,,,,,,,,,,,,,,
Nc1nc(F)nc2c1ncn2[C@@H]1O[C@@H](COP(=O)(O)O)[C@@H](O)[C@@H]1O,,0.568201724066995,,,,,,,,,,,,,,
Nc1nc(NC2CC2)c2ncn([C@@H]3C=C[C@H](CO)C3)c2n1,,1.1162755875805443,,,,,,,,,,,,,,
O=C(Cn1ccnc1[N+](=O)[O-])NCCO,,0.2380461031287954,,,,,,,,,,,,,,
O=C(NC(C(=O)NC1C(=O)N2C(C(=O)O)C(=C[n+]3ccc(CCS(=O)(=O)[O-])cc3)CSC12)c1ccccc1)c1nc[nH]c1C(=O)O,-0.677780705,0.2304489213782739,,,,,,,,,,,,,,
O=C(NC[C@@H]1CCCCN1)c1cc(OCC(F)(F)F)ccc1OCC(F)(F)F,,0.7481880270062004,,,,,,,,,,,,,,
O=C(OCCN1CCCCCC1)C(c1ccsc1)C1CCCCC1,,1.2631624649622166,,,,,,,,,,,,,,
O=C(O)C1/C(=C\CO)O[C@H]2CC(=O)N12,,0.5563025007672873,,,,,,,,,,,,,,
O=C(O)C1=C(CSc2nnnn2CS(=O)(=O)O)CS[C@H]2C(NC(=O)C(O)c3ccccc3)C(=O)N12,,-0.48148606,,,,,,,,,,,,,,
O=C(O)C1C[C@H](C2CCCCC2)CN1C(=O)C[P@](=O)(O)CCCCc1ccccc1,,-0.337242168,,,,,,,,,,,,,,
O=C(O)CCC(NC(=O)NC(CCCCNC(=O)c1ccc(F)nc1)C(=O)O)C(=O)O,,,,0.5403294747908738,,,,,,,,,,,,
O=C(O)CCCCCCNC1c2ccccc2CCc2ccccc21,,1.4705574852172743,,,,,,,,,,,,,,
O=C(O)CN1C(=O)C(NC(CCc2ccccc2)C(=O)O)CCc2ccccc21,,-0.455931956,,,,,,,,,,,,,,
O=C(O)CN(CCN(CC(=O)O)CC(=O)O)CC(=O)O,,0.037426497940623665,,,,,,,,,,,,,,
O=C(O)c1cc(O)c2c(c1)C(=O)c1cccc(O)c1C2=O,,-0.420216403,,,,,,,,,,,,,,
O=C(c1ccc(NS(=O)(=O)c2cccc3cccnc23)cc1)N1CCN(CC2CC2)CC1,-0.148741651,0.5403294747908738,-1.698970004,0.6020599913279624,,,,,,,,,,,,
Oc1cn2c(n1)Nc1ccc(Cl)c(Cl)c1C2,,0.33041377334919086,,,,,,,,,,,,,,
O=[P@@]1(N(CCCl)CCCl)NCCCO1,,0.40483371661993806,,,,,,,,,,,,,,
O=[P@@]1(NCCCl)OCCCN1CCCl,,0.08990511143939793,,,,,,,,,,,,,,
O=c1[nH]c(=O)n([C@@H]2CCCO2)cc1F,,-0.008773924,,,,,,,,,,,,,,
O=c1c(CC[S@+](O)c2ccccc2)c([O-])n(-c2ccccc2)n1-c1ccccc1,,-0.086186148,,,,,,,,,,,,,,
OCC(O)CO,,0.5502283530550941,,,,,,,,,,,,,,
OC[C@H]1O[C@@H](n2cnc3c2N=CNC[C@@H]3O)CC1O,,0.22530928172586284,,,,,,,,,,,,,,
O[C@@H](c1cc(C(F)(F)F)nc2c(C(F)(F)F)cccc12)[C@@H]1CCCCN1,,-0.387216143,,,,,,,,,,,,,,
O[C@@](CCN1CCCC1)(c1ccccc1)C1CCCCC1,,-0.013228266,,,,,,,,,,,,,,
O[P+](O)(O)C(Cl)(Cl)[P+](O)(O)O,,0.3424226808222063,,,,,,,,,,,,,,
NC(C(=O)NC1C(=O)N2C(C(=O)O)=C(Cl)CC[C@@H]12)c1ccccc1,,0.6483600109809317,,,,,,,,,,,,,,
NC1[C@@H]2CN(c3nc4c(cc3F)c(=O)c(C(=O)O)cn4-c3ccc(F)cc3F)C[C@@H]12,,0.1643528557844371,,,,,,,,,,,,,,
NC[C@H](CC(=O)O)c1ccc(Cl)cc1,,0.43456890403419873,,,,,,,,,,,,,,
NC[C@H]1O[C@@H](O[C@H]2C(O)[C@@H](O[C@H]3O[C@@H](CO)[C@H](O)[C@@H](N)[C@@H]3O)[C@H](N)C[C@@H]2N)[C@H](N)C[C@@H]1O,,0.13033376849500614,,,,,,,,,,,,,,
Oc1ccc(CCNCCCCCCNCCc2ccccc2)cc1O,,1.5563025007672873,,,,,,,,,,,,,,
Oc1ccc2c(c1)C13CCCC[C@@]1(O)[C@H](C2)N(CC1CCC1)CC3,,1.6020599913279623,,,,,,,,,,,,,,
Oc1ccc2c3c1O[C@@H]1[C@@H](O)CC[C@]4(O)[C@H](C2)N(CC2CCC2)CC[C@@]314,,1.4727564493172123,,,,,,,,,,,,,,
O=c1[nH]cnc2c1ncn2[C@@H]1CC[C@H](CO)O1,,1.1832698436828046,,,,,,,,,,,,,,
